Workbook

Sheet Start Here
B2: Lesson 5.2
B3: VBA Fundamentals
B4: Expert · about 60 minutes · Bluestone Health System (fictional)
B6: What you'll learn
B7: • | C7: Navigate the Visual Basic Editor and organize code in modules
B8: • | C8: Declare variables with the right data types and Option Explicit
B9: • | C9: Control flow with If, Select Case, For, For Each, and Do loops
B10: • | C10: Debug with breakpoints, stepping, the Immediate window, and Debug.Print
B12: How to use this workbook
B13: 1. Read the guide | C13: The lesson guide (README) explains each skill with examples: https://github.com/lmansf/learn-excel/tree/main/05-automation-vba/02-vba-fundamentals
B14: 2. Practice | C14: Go to the 'Practice' sheet. Type your answer in each yellow cell, or run the task's macro so its gray cell fills in by itself.
B15: 3. Check yourself | C15: The Check column shows ✔ Correct (green) or ✘ Not yet (red).
B16: 4. Bonus | C16: Finished? Try the harder 'Bonus' sheet.
B17: 5. Answers | C17: The 'Answer Key' and 'Bonus Key' sheets are hidden. Right-click any sheet tab → Unhide… → pick one → OK. (Try first!)
B18: Note | C18: Macros can't be saved in an .xlsx file. Before you write any code, choose File → Save As and pick 'Excel Macro-Enabled Workbook (*.xlsm)'.
B19: Note | C19: Import starter/LabMacros.bas and starter/Snippets.bas from the lesson folder: open the Visual Basic Editor (Alt+F11; Mac: Option+F11 or Developer → Visual Basic), then File → Import File…
B20: Note | C20: Debug.Print writes to the Immediate window. Open it in the Visual Basic Editor with Ctrl+G (Mac: View → Immediate Window) before you run the snippets.
B21: Note | C21: The Snippets sheet shows the code for the predict-the-output tasks. The Output sheet is where your macros write their results.
B23: Color legend
B24: Yellow cell | C24: Your answer goes here.
B25: Gray cell | C25: Pre-filled summary formula. It reads the work you did on another sheet, so don't type over it.
B26: ✔ Correct | C26: Your answer matches the key.
B27: ✘ Not yet | C27: Not matching yet. Check the hint and try again.
B29: Sheets in this workbook
B30: Labs | C30: Data: 505 rows, in the Excel Table 'tblLabs'
B31: About the data | C31: 505 lab results from Bluestone's three intensive care units (Bluestone Memorial, Ashby Falls, Cedar Ridge), collected January–April 2025 and listed in the order the results were released.
B32: Disclaimer | C32: All people, places, and numbers are synthetic and fictional. Not clinical guidance.

Sheet Practice
A1: Lesson 5.2 · Practice
A2: Save this workbook as .xlsm, then import starter/LabMacros.bas and starter/Snippets.bas (VBE → File → Import File…). Tasks 2–7 are predict-the-output questions about the code on the Snippets sheet: type your prediction first, then run the snippet to check it. In tasks 1 and 8–13 you run macros, and the gray cells read what your macros wrote to the Output sheet (or to the TATFlag column on the Labs sheet).
A3: Type your answer in each yellow cell, or run the task's macro so its gray cell fills in by itself. The Check column turns green when your answer matches. Stuck? Read the hint, then the lesson guide. Answers: right-click a sheet tab → Unhide… → 'Answer Key'.
A4: ="Score: "&COUNTIF(E6:E18,"✔*")&" of 13 auto-checked tasks correct"
A5: # | B5: Task | C5: Hint | D5: Your Answer | E5: Check
A6: 1 | B6: Import the starter module, then run the Warmup macro (it's already written). It writes the number of lab rows to Output!B5, and the gray cell reads it from there. | C6: Click inside Warmup and press F5, or in Excel press Alt+F8 (Mac: Option+F8), pick Warmup, and click Run | D6: {=IF(Output!B5="","",Output!B5)} | E6: =IF(IFERROR(D6="",FALSE),"",IF(IFERROR(AND(ISNUMBER(D6),OR(ABS(D6-'Answer Key'!$C$5)<=0.0001)),FALSE),"✔ Correct","✘ Not yet"))
A7: 2 | B7: Snippet A: what number does the Immediate window show? Predict first, then run SnippetA_Typo to check. | C7: Which variable does Debug.Print actually read? | E7: =IF(IFERROR(D7="",FALSE),"",IF(IFERROR(AND(ISNUMBER(D7),OR(ABS(D7-'Answer Key'!$C$6)<=0.0001)),FALSE),"✔ Correct","✘ Not yet"))
A8: 3 | B8: Snippet B: running SnippetB_Overflow stops with a run-time error. Type the error number. | C8: Check the Integer row of the data-types table | E8: =IF(IFERROR(D8="",FALSE),"",IF(IFERROR(OR(LOWER(TRIM(D8&""))=LOWER(TRIM('Answer Key'!$C$7&"")),LOWER(TRIM(D8&""))="overflow",LOWER(TRIM(D8&""))="error 6",LOWER(TRIM(D8&""))="run-time error 6",LOWER(TRIM(D8&""))="runtime error 6"),FALSE),"✔ Correct","✘ Not yet"))
A9: 4 | B9: Snippet C: what exactly does the Immediate window show? Type the whole line in the same pattern, for example 1 h 5 min. | C9: \ keeps the whole part of a division, and Mod keeps the remainder | E9: =IF(IFERROR(D9="",FALSE),"",IF(IFERROR(OR(LOWER(TRIM(D9&""))=LOWER(TRIM('Answer Key'!$C$8&"")),LOWER(TRIM(D9&""))="3h 19 min",LOWER(TRIM(D9&""))="3 h 19min",LOWER(TRIM(D9&""))="3h 19min",LOWER(TRIM(D9&""))="3h19min"),FALSE),"✔ Correct","✘ Not yet"))
A10: 5 | B10: Snippet D: what number does Debug.Print hr show after the loop finishes? | C10: List every value hr takes, then apply Step one more time | E10: =IF(IFERROR(D10="",FALSE),"",IF(IFERROR(AND(ISNUMBER(D10),OR(ABS(D10-'Answer Key'!$C$9)<=0.0001)),FALSE),"✔ Correct","✘ Not yet"))
A11: 6 | B11: Snippet E: which category does the Immediate window show? (Type the word.) | C11: Select Case runs only the first Case that matches | E11: =IF(IFERROR(D11="",FALSE),"",IF(IFERROR(OR(LOWER(TRIM(D11&""))=LOWER(TRIM('Answer Key'!$C$10&""))),FALSE),"✔ Correct","✘ Not yet"))
A12: 7 | B12: Snippet F: how many hours does the Immediate window show? | C12: Write down level and hours after each pass, and test the condition before every pass | E12: =IF(IFERROR(D12="",FALSE),"",IF(IFERROR(AND(ISNUMBER(D12),OR(ABS(D12-'Answer Key'!$C$11)<=0.0001)),FALSE),"✔ Correct","✘ Not yet"))
A13: 8 | B13: Complete CountCriticals: use For Each to loop over the AbnormalFlag cells (Labs column I) and count the results flagged HH or LL (critical values). Write the count to Output!B6. | C13: For Each cell In ws.Range("I2:I" & lastRow) … If … Or … Then | D13: {=IF(Output!B6="","",Output!B6)} | E13: =IF(IFERROR(D13="",FALSE),"",IF(IFERROR(AND(ISNUMBER(D13),OR(ABS(D13-'Answer Key'!$C$12)<=0.0001)),FALSE),"✔ Correct","✘ Not yet"))
A14: 9 | B14: Complete AveragePotassium: loop over the rows with For…Next, add up ResultValue for every potassium result (TestCode K) and count them, then write the average to Output!B7. (Full precision or 2 decimal places are both accepted.) | C14: Two accumulators: a Double for the total and a Long for the count | D14: {=IF(Output!B7="","",Output!B7)} | E14: =IF(IFERROR(D14="",FALSE),"",IF(IFERROR(AND(ISNUMBER(D14),OR(ABS(D14-'Answer Key'!$C$13)<=0.0051)),FALSE),"✔ Correct","✘ Not yet"))
A15: 10 | B15: Complete FindFirstCritical: find the first row (from the top) whose AbnormalFlag is HH or LL, write its LabResultID to Output!B8, and leave the loop with Exit For. | C15: Case "HH", "LL" matches either value, and Exit For stops the loop | D15: {=IF(Output!B8="","",Output!B8)} | E15: =IF(IFERROR(D15="",FALSE),"",IF(IFERROR(OR(LOWER(TRIM(D15&""))=LOWER(TRIM('Answer Key'!$C$14&""))),FALSE),"✔ Correct","✘ Not yet"))
A16: 11 | B16: Complete FlagSlowStat: for every STAT result whose turnaround (ResultedDateTime minus CollectedDateTime, in minutes, with DateDiff) is more than 60 minutes, write SLOW in that row's TATFlag cell (Labs column M). Leave all other rows empty. The gray cell counts the SLOW flags. | C16: Use DateDiff("n", start, finish), then combine the two tests with And or a nested If | D16: {=IF(COUNTA(Labs!M2:M506)=0,"",COUNTIF(Labs!M2:M506,"SLOW"))} | E16: =IF(IFERROR(D16="",FALSE),"",IF(IFERROR(AND(ISNUMBER(D16),OR(ABS(D16-'Answer Key'!$C$15)<=0.0001)),FALSE),"✔ Correct","✘ Not yet"))
A17: 12 | B17: Complete CountAbove and WriteCountAbove. CountAbove asks for a TestCode (InputBox) and a limit (Application.InputBox with Type:=1), then calls WriteCountAbove, which counts the results of that test above the limit, writes the count to Output!B9, and shows it in a MsgBox. Run CountAbove and enter CREAT and 2. | C17: Call a Sub that takes arguments without parentheses: SubName arg1, arg2. Convert the Variant limit with CDbl | D17: {=IF(Output!B9="","",Output!B9)} | E17: =IF(IFERROR(D17="",FALSE),"",IF(IFERROR(AND(ISNUMBER(D17),OR(ABS(D17-'Answer Key'!$C$16)<=0.0001)),FALSE),"✔ Correct","✘ Not yet"))
A18: 13 | B18: BuggyGlucoseCount (already in the starter module) should count glucose (GLU) results above 180 mg/dL and write the count to Output!B10. It has two bugs: the first stops it with a run-time error, and after you fix that one it writes 0. Use F8, the Locals window, and the Immediate window to find and fix both, then run it. | C18: When it stops, click Debug and hover over r. While it's paused, try ? ws.Cells(5, 3).Value (a glucose row) in the Immediate window | D18: {=IF(Output!B10="","",Output!B10)} | E18: =IF(IFERROR(D18="",FALSE),"",IF(IFERROR(AND(ISNUMBER(D18),OR(ABS(D18-'Answer Key'!$C$17)<=0.0001)),FALSE),"✔ Correct","✘ Not yet"))

Sheet Snippets
A1: Snippets for Practice tasks 2–7
A2: Predict what each snippet prints, type your prediction on the Practice sheet, then run it from the Snippets module (starter/Snippets.bas) to check. Debug.Print writes to the Immediate window (Ctrl+G; Mac: View → Immediate Window).
A4: Snippet A · Practice task 2
A5: Sub SnippetA_Typo()
A6: Dim drawCount As Long
A7: drawCount = 5
A8: drawCuont = drawCount + 1 ' add one more blood draw
A9: Debug.Print drawCount
A10: End Sub
A12: Snippet B · Practice task 3
A13: Sub SnippetB_Overflow()
A14: Dim labRows As Integer
... A63: End Sub

Sheet Labs
A1: LabResultID | B1: EncounterID | C1: TestCode | D1: TestName | E1: ResultValue | F1: Units | G1: RefLow | H1: RefHigh | I1: AbnormalFlag | J1: Priority | K1: CollectedDateTime | L1: ResultedDateTime | M1: TATFlag
A2: LAB725446 | B2: ENC110732 | C2: CREAT | D2: Creatinine | E2: 1.11 | F2: mg/dL | G2: 0.6 | H2: 1.3 | I2: N | J2: STAT | K2: 45658.706 | L2: 45658.724
A3: LAB725449 | B3: ENC110732 | C3: LACT | D3: Lactate | E3: 2.3 | F3: mmol/L | G3: 0.5 | H3: 2 | I3: H | J3: STAT | K3: 45658.698 | L3: 45658.736
A4: LAB725448 | B4: ENC110732 | C4: HGB | D4: Hemoglobin | E4: 14.8 | F4: g/dL | G4: 12 | H4: 17.5 | I4: N | J4: STAT | K4: 45658.715 | L4: 45658.738
A5: LAB725445 | B5: ENC110732 | C5: GLU | D5: Glucose | E5: 199 | F5: mg/dL | G5: 70 | H5: 99 | I5: H | J5: STAT | K5: 45658.74 | L5: 45658.77
A6: LAB725447 | B6: ENC110732 | C6: WBC | D6: White Blood Cell Count | E6: 5.4 | F6: K/uL | G6: 4.5 | H6: 11 | I6: N | J6: STAT | K6: 45658.742 | L6: 45658.786
A7: LAB725484 | B7: ENC110747 | C7: LACT | D7: Lactate | E7: 4.1 | F7: mmol/L | G7: 0.5 | H7: 2 | I7: HH | J7: STAT | K7: 45659.107 | L7: 45659.139
A8: LAB725480 | B8: ENC110747 | C8: GLU | D8: Glucose | E8: 97 | F8: mg/dL | G8: 70 | H8: 99 | I8: N | J8: STAT | K8: 45659.126 | L8: 45659.145
A9: LAB725481 | B9: ENC110747 | C9: CREAT | D9: Creatinine | E9: 0.76 | F9: mg/dL | G9: 0.6 | H9: 1.3 | I9: N | J9: Routine | K9: 45659.105 | L9: 45659.19
A10: LAB725483 | B10: ENC110747 | C10: HGB | D10: Hemoglobin | E10: 13.3 | F10: g/dL | G10: 12 | H10: 17.5 | I10: N | J10: Routine | K10: 45659.089 | L10: 45659.238
A11: LAB725482 | B11: ENC110747 | C11: WBC | D11: White Blood Cell Count | E11: 7.3 | F11: K/uL | G11: 4.5 | H11: 11 | I11: N | J11: Routine | K11: 45659.144 | L11: 45659.272
A12: LAB725491 | B12: ENC110749 | C12: BUN | D12: Blood Urea Nitrogen | E12: 12 | F12: mg/dL | G12: 7 | H12: 20 | I12: N | J12: STAT | K12: 45659.363 | L12: 45659.388
A13: LAB725486 | B13: ENC110749 | C13: CREAT | D13: Creatinine | E13: 0.81 | F13: mg/dL | G13: 0.6 | H13: 1.3 | I13: N | J13: STAT | K13: 45659.36 | L13: 45659.39
... A506: LAB734525 | B506: ENC114581 | C506: CREAT | D506: Creatinine | E506: 0.41 | F506: mg/dL | G506: 0.6 | H506: 1.3 | I506: L | J506: Routine | K506: 45775.742 | L506: 45775.886

Sheet Output
A1: Output: your macros write their results here
A2: Macros write into the blue cells. The Practice and Bonus sheets read these cells, so keep them where they are and don't type in them by hand.
E3: Bonus: LabSnapshot writes one row per TestCode from row 5 down.
A4: Result | B4: Value | C4: Written by (task) | E4: TestCode | F4: Results | G4: Abnormal | H4: PctAbnormal | J4: Highest % abnormal
A5: Lab rows on the Labs sheet | C5: Warmup (1)
A6: Critical results (HH or LL) | C6: CountCriticals (8)
A7: Average potassium, mmol/L | C7: AveragePotassium (9)
A8: First critical LabResultID | C8: FindFirstCritical (10)
A9: Results above your limit | C9: WriteCountAbove (12)
A10: Glucose results above 180 mg/dL | C10: BuggyGlucoseCount (13)

Sheet Bonus
A1: Lesson 5.2 · Bonus: one-click lab snapshot
A2: The ICU medical director wants a one-click 'lab snapshot' for the morning huddle. Complete the LabSnapshot stub in the starter module so that it does four things: 1. Clears the old fills on Labs!A2:L506, the old summary in Output!E5:H40, and Output!J5, so you can run it again safely. 2. Colors each data row (columns A:L) by its AbnormalFlag: light red RGB(255, 199, 206) for HH or LL, amber RGB(255, 235, 156) for H or L, and no fill for N. 3. Builds a summary table on the Output sheet from row 5 down, with one row per TestCode in the order each code first appears. The columns are TestCode (E), Results (F), Abnormal (G, any flag other than N), and PctAbnormal (H, Abnormal ÷ Results, formatted 0.0%). 4. Writes the TestCode with the highest PctAbnormal to Output!J5. Don't use Scripting.Dictionary, because that's Lesson 5.4. A nested loop that searches the table you're building is enough.
A3: Type your answer in each yellow cell, or run the task's macro so its gray cell fills in by itself. The Check column turns green when your answer matches. Stuck? Read the hint, then the lesson guide. Answers: right-click a sheet tab → Unhide… → 'Bonus Key'.
A4: ="Score: "&COUNTIF(E6:E10,"✔*")&" of 5 auto-checked tasks correct"
A5: # | B5: Task | C5: Hint | D5: Your Answer | E5: Check
A6: B1 | B6: Run LabSnapshot. Then click the filter arrow on the Labs table's AbnormalFlag header and choose Filter by Color → your amber fill. How many rows are amber? (The status bar shows 'x of 505 records found'.) | C6: Select Case flag: Case "HH", "LL" … Case "H", "L" … | E6: =IF(IFERROR(D6="",FALSE),"",IF(IFERROR(AND(ISNUMBER(D6),OR(ABS(D6-'Bonus Key'!$C$5)<=0.0001)),FALSE),"✔ Correct","✘ Not yet"))
A7: B2 | B7: How many TestCode rows does your summary table have? (The gray cell counts the codes in Output!E5:E40.) | C7: Search rows 5 to nextRow - 1 with an inner For loop. If the code isn't there, add a row | D7: {=IF(COUNTA(Output!E5:E40)=0,"",COUNTA(Output!E5:E40))} | E7: =IF(IFERROR(D7="",FALSE),"",IF(IFERROR(AND(ISNUMBER(D7),OR(ABS(D7-'Bonus Key'!$C$6)<=0.0001)),FALSE),"✔ Correct","✘ Not yet"))
A8: B3 | B8: How many creatinine (CREAT) results are abnormal (any flag other than N)? (The gray cell looks up CREAT in your table.) | C8: If flag <> "N" Then add 1 to column G of the test's row | D8: {=IFERROR(INDEX(Output!G5:G40,MATCH("CREAT",Output!E5:E40,0)),"")} | E8: =IF(IFERROR(D8="",FALSE),"",IF(IFERROR(AND(ISNUMBER(D8),OR(ABS(D8-'Bonus Key'!$C$7)<=0.0001)),FALSE),"✔ Correct","✘ Not yet"))
A9: B4 | B9: What percentage of lactate (LACT) results are abnormal? (The gray cell looks up LACT in your table.) | C9: Compute the percentages in a second loop, after every row has been counted | D9: {=IFERROR(INDEX(Output!H5:H40,MATCH("LACT",Output!E5:E40,0)),"")} | E9: =IF(IFERROR(D9="",FALSE),"",IF(IFERROR(AND(ISNUMBER(D9),OR(ABS(D9-'Bonus Key'!$C$8)<=0.00051,ABS(D9-'Bonus Key'!$C$8*100)<=0.051000000000000004)),FALSE),"✔ Correct","✘ Not yet"))
A10: B5 | B10: Which TestCode has the highest percentage of abnormal results? (The gray cell reads Output!J5.) | C10: Track the best value so far: If pct > topPct Then … | D10: {=IF(Output!J5="","",Output!J5)} | E10: =IF(IFERROR(D10="",FALSE),"",IF(IFERROR(OR(LOWER(TRIM(D10&""))=LOWER(TRIM('Bonus Key'!$C$9&""))),FALSE),"✔ Correct","✘ Not yet"))

Sheet Answer Key
A1: 🔑 Answer Key — Lesson 5.2
A2: Spoiler alert: try every task before reading this sheet. Column C is the value the Check column compares against. Column D is a sample solution, and column E recalculates a formula for it live, proving the answer.
A4: # | B4: Task | C4: Answer | D4: Sample solution | E4: Live result | F4: Explanation
A5: 1 | B5: Import the starter module, then run the Warmup macro (it's already written). It writes the number of lab rows to Output!B5, and the gray cell reads it from there. | C5: 505 | D5: Sub Warmup() Dim ws As Worksheet Dim lastRow As Long Set ws = ThisWorkbook.Worksheets("Labs") lastRow = ws.Cells(ws.Rows.Count, 1).End(xlUp).Row ' last filled row in column A ThisWorkbook.Worksheets("Output").Range("B5").Value = lastRow - 1 ' minus the header row Debug.Print "Warmup ran: " & (lastRow - 1) & " lab rows" End Sub | E5: {=COUNTA(Labs!A2:A506)} | F5: Warmup finds the last filled row in column A, subtracts 1 for the header row, and writes the result into a cell. If the gray cell stays empty, check that you saved as .xlsm, enabled macros, and ran Warmup in this workbook. If you made a Personal Macro Workbook in Lesson 5.1, also check that LabMacros was imported into this workbook's project and not into PERSONAL.XLSB. Open the Immediate window (Ctrl + G; Mac: View → Immediate Window) to see the line Debug.Print wrote.
A6: 2 | B6: Snippet A: what number does the Immediate window show? Predict first, then run SnippetA_Typo to check. | C6: 5 | D6: Trace it: drawCount is set to 5. The next line assigns to drawCuont, which is a different variable, so drawCount is still 5 when it's printed. | E6: — | F6: Without Option Explicit, VBA silently creates a new Variant for any misspelled name, so the typo doesn't raise an error and the result is quietly wrong. Add Option Explicit at the top of the module and the same code stops with Compile error: Variable not defined, highlighting drawCuont.
A7: 3 | B7: Snippet B: running SnippetB_Overflow stops with a run-time error. Type the error number. | C7: 6 | D7: Run-time error 6: Overflow. An Integer holds only −32,768 to 32,767, and 51,527 is bigger. | E7: — | F7: Integer is a 16-bit type left over from early versions of VBA. Use Long (up to about 2.1 billion) for counts and row numbers. A worksheet has 1,048,576 rows, so an Integer row counter fails on any large sheet. Long is also no slower on modern computers.
A8: 4 | B8: Snippet C: what exactly does the Immediate window show? Type the whole line in the same pattern, for example 1 h 5 min. | C8: 3 h 19 min | D8: 199 \ 60 is 3 (whole hours) and 199 Mod 60 is 19 (leftover minutes). & joins everything into one string: 3 h 19 min. | E8: — | F8: Arithmetic operators run before &, so each piece is calculated first and then joined. Integer division \ and Mod are the standard way to split minutes into hours and minutes. (199 minutes was the slowest STAT turnaround on the Labs sheet, against a 60-minute target.)
A9: 5 | B9: Snippet D: what number does Debug.Print hr show after the loop finishes? | C9: 24 | D9: The loop body runs for hr = 0, 4, 8, 12, 16, 20 (6 checks). Next then adds the Step again (20 + 4 = 24), which is past 23, so the loop ends with hr = 24. | E9: — | F9: After a For…Next loop finishes normally, the counter holds the first value that failed the test, not the last value used. That's why code that needs "the last row processed" should save it in its own variable or leave the loop with Exit For.
A10: 6 | B10: Snippet E: which category does the Immediate window show? (Type the word.) | C10: Elevated | D10: 4.6 is not < 0.5 and not ≤ 2, but it is > 2, so Case Is > 2 matches and sets Elevated. VBA then jumps to End Select, so Case Is > 4 is never tested. | E10: — | F10: Order matters in Select Case. Put the most specific (most extreme) test first: Case Is > 4 before Case Is > 2. Here a critical lactate of 4.6 mmol/L is mislabeled "Elevated", which is exactly the kind of silent bug that testing with real values catches.
A11: 7 | B11: Snippet F: how many hours does the Immediate window show? | C11: 18 | D11: level 400 → 200 (6 h) → 100 (12 h) → 50 (18 h). Before the next pass VBA tests 50 > 50, which is False, so the loop stops: 18. | E11: — | F11: Do While … Loop tests the condition before each pass, so the body may run zero times. Use Do … Loop While when the body must run at least once. Watch the boundary: > 50 stops at exactly 50, while >= 50 would run one more pass and print 24.
A12: 8 | B12: Complete CountCriticals: use For Each to loop over the AbnormalFlag cells (Labs column I) and count the results flagged HH or LL (critical values). Write the count to Output!B6. | C12: 24 | D12: Sub CountCriticals() Dim ws As Worksheet Dim lastRow As Long Dim cell As Range Dim criticalCount As Long Set ws = ThisWorkbook.Worksheets("Labs") lastRow = ws.Cells(ws.Rows.Count, 1).End(xlUp).Row For Each cell In ws.Range("I2:I" & lastRow) ' the AbnormalFlag column If cell.Value = "HH" Or cell.Value = "LL" Then criticalCount = criticalCount + 1 End If Next cell ThisWorkbook.Worksheets("Output").Range("B6").Value = criticalCount MsgBox criticalCount & " critical results", vbInformation, "Count criticals" End Sub | E12: {=COUNTIF(Labs!I2:I506,"HH")+COUNTIF(Labs!I2:I506,"LL")} | F12: This is the counter pattern: start a Long at 0 and add 1 each time a condition is true. Each Or side must be a full comparison: cell.Value = "HH" Or cell.Value = "LL". Writing cell.Value = "HH" Or "LL" gives a Type mismatch error. Cross-check with a formula: =COUNTIF(Labs!I2:I506,"HH")+COUNTIF(Labs!I2:I506,"LL").
A13: 9 | B13: Complete AveragePotassium: loop over the rows with For…Next, add up ResultValue for every potassium result (TestCode K) and count them, then write the average to Output!B7. (Full precision or 2 decimal places are both accepted.) | C13: 4.0708333 | D13: Sub AveragePotassium() Dim ws As Worksheet Dim r As Long, lastRow As Long Dim total As Double, n As Long Set ws = ThisWorkbook.Worksheets("Labs") lastRow = ws.Cells(ws.Rows.Count, 1).End(xlUp).Row For r = 2 To lastRow If ws.Cells(r, 3).Value = "K" Then ' column C = TestCode total = total + ws.Cells(r, 5).Value ' column E = ResultValue n = n + 1 End If Next r If n > 0 Then ThisWorkbook.Worksheets("Output").Range("B7").Value = total / n Debug.Print n & " potassium results, average " & Format(total / n, "0.00") Else MsgBox "No potassium results found.", vbExclamation End If End Sub | E13: {=AVERAGEIF(Labs!C2:C506,"K",Labs!E2:E506)} | F13: The accumulator pattern keeps a running total and a running count, then divides once at the end. The If n > 0 guard matters when no rows match: then total and n are both still 0, and 0 / 0 stops with run-time error 6 (Overflow). Any other number divided by 0 gives error 11 (Division by zero). The 24 potassium results average 4.07 mmol/L, which is comfortably inside the 3.5–5.1 reference range. If you round in VBA, remember that Round uses banker's rounding.
A14: 10 | B14: Complete FindFirstCritical: find the first row (from the top) whose AbnormalFlag is HH or LL, write its LabResultID to Output!B8, and leave the loop with Exit For. | C14: LAB725484 | D14: Sub FindFirstCritical() Dim ws As Worksheet Dim r As Long, lastRow As Long Dim firstID As String Set ws = ThisWorkbook.Worksheets("Labs") lastRow = ws.Cells(ws.Rows.Count, 1).End(xlUp).Row For r = 2 To lastRow Select Case ws.Cells(r, 9).Value ' column I = AbnormalFlag Case "HH", "LL" firstID = ws.Cells(r, 1).Value ' column A = LabResultID Exit For ' found it: stop looping End Select Next r If firstID = "" Then firstID = "None found" ThisWorkbook.Worksheets("Output").Range("B8").Value = firstID Debug.Print "First critical: " & firstID & " (row " & r & ")" End Sub | E14: {=INDEX(Labs!A2:A506,MIN(IFERROR(MATCH("HH",Labs!I2:I506,0),99999),IFERROR(MATCH("LL",Labs!I2:I506,0),99999)))} | F14: Exit For leaves the loop the moment the first match is found (sheet row 7), so the macro doesn't waste time on the remaining rows and firstID can't be overwritten by a later match. A Case with a comma-separated list (Case "HH", "LL") matches any of the values.
A15: 11 | B15: Complete FlagSlowStat: for every STAT result whose turnaround (ResultedDateTime minus CollectedDateTime, in minutes, with DateDiff) is more than 60 minutes, write SLOW in that row's TATFlag cell (Labs column M). Leave all other rows empty. The gray cell counts the SLOW flags. | C15: 87 | D15: Sub FlagSlowStat() Dim ws As Worksheet Dim r As Long, lastRow As Long Dim minutes As Long, slowCount As Long Set ws = ThisWorkbook.Worksheets("Labs") lastRow = ws.Cells(ws.Rows.Count, 1).End(xlUp).Row For r = 2 To lastRow ws.Cells(r, 13).ClearContents ' start clean so a re-run is safe If ws.Cells(r, 10).Value = "STAT" Then ' column J = Priority ' "n" = minutes (not "m", which is months) minutes = DateDiff("n", ws.Cells(r, 11).Value, ws.Cells(r, 12).Value) If minutes > 60 Then ws.Cells(r, 13).Value = "SLOW" ' column M = TATFlag slowCount = slowCount + 1 End If End If Next r Debug.Print slowCount & " slow STAT results" End Sub | E15: {=SUMPRODUCT((Labs!J2:J506="STAT")*(ROUND((Labs!L2:L506-Labs!K2:K506)*1440,0)>60))} | F15: DateDiff("n", …) returns whole minutes. The interval code is "n" because "m" means months. 87 of the 352 STAT results missed the 60-minute target. Clearing column M at the start of each pass makes the macro safe to run twice, because an old SLOW flag can't survive a re-run.
A16: 12 | B16: Complete CountAbove and WriteCountAbove. CountAbove asks for a TestCode (InputBox) and a limit (Application.InputBox with Type:=1), then calls WriteCountAbove, which counts the results of that test above the limit, writes the count to Output!B9, and shows it in a MsgBox. Run CountAbove and enter CREAT and 2. | C16: 12 | D16: Sub CountAbove() Dim testCode As String Dim limitInput As Variant testCode = UCase(Trim(InputBox("Which TestCode? (for example CREAT)", "Count results above a limit"))) If testCode = "" Then Exit Sub ' Cancel (or nothing typed) limitInput = Application.InputBox("Count results above what value?", "Count results above a limit", Type:=1) If VarType(limitInput) = vbBoolean Then Exit Sub ' Cancel returns False WriteCountAbove testCode, CDbl(limitInput) End Sub Sub WriteCountAbove(testCode As String, limit As Double) Dim ws As Worksheet Dim r As Long, lastRow As Long, n As Long Set ws = ThisWorkbook.Worksheets("Labs") lastRow = ws.Cells(ws.Rows.Count, 1).End(xlUp).Row For r = 2 To lastRow If ws.Cells(r, 3).Value = testCode Then If ws.Cells(r, 5).Value > limit Then n = n + 1 End If Next r ThisWorkbook.Worksheets("Output").Range("B9").Value = n MsgBox n & " " & testCode & " results above " & limit, vbInformation, "Count results above a limit" End Sub | E16: {=COUNTIFS(Labs!C2:C506,"CREAT",Labs!E2:E506,">2")} | F16: Splitting the work into two Subs keeps the dialog code apart from the counting code. You can test WriteCountAbove straight from the Immediate window (WriteCountAbove "CREAT", 2) without clicking through dialogs. Application.InputBox with Type:=1 refuses non-numbers and returns False on Cancel, which is why the result goes into a Variant and is checked with VarType. Creatinine above 2 mg/dL is a rough screen for impaired kidney function. Formal acute kidney injury criteria compare each patient with their own baseline.
A17: 13 | B17: BuggyGlucoseCount (already in the starter module) should count glucose (GLU) results above 180 mg/dL and write the count to Output!B10. It has two bugs: the first stops it with a run-time error, and after you fix that one it writes 0. Use F8, the Locals window, and the Immediate window to find and fix both, then run it. | C17: 20 | D17: Sub BuggyGlucoseCount() Dim ws As Worksheet Dim r As Long, lastRow As Long Dim highCount As Long Set ws = ThisWorkbook.Worksheets("Labs") lastRow = ws.Cells(ws.Rows.Count, 1).End(xlUp).Row For r = 2 To lastRow ' FIX 1: start below the header row If ws.Cells(r, 3).Value = "GLU" And ws.Cells(r, 5).Value > 180 Then ' FIX 2: "GLU", not "Glu" highCount = highCount + 1 End If Next r ThisWorkbook.Worksheets("Output").Range("B10").Value = highCount End Sub | E17: {=COUNTIFS(Labs!C2:C506,"GLU",Labs!E2:E506,">180")} | F17: Bug 1: the loop starts at row 1, the header row. ws.Cells(1, 5).Value is the text "ResultValue", and comparing text with the number 180 raises Run-time error 13: Type mismatch. VBA's And evaluates both sides even when the first is already False, so the TestCode test doesn't protect you. Bug 2: text comparison in VBA is case-sensitive by default, so "GLU" = "Glu" is False and nothing is ever counted. Fix it by matching the data exactly ("GLU"), or compare UCase(ws.Cells(r, 3).Value) = "GLU".

Sheet Bonus Key
A1: 🔑 Bonus Key — Lesson 5.2
A2: Spoiler alert: try every task before reading this sheet. Column C is the value the Check column compares against. Column D is a sample solution, and column E recalculates a formula for it live, proving the answer.
A4: # | B4: Task | C4: Answer | D4: Sample solution | E4: Live result | F4: Explanation
A5: B1 | B5: Run LabSnapshot. Then click the filter arrow on the Labs table's AbnormalFlag header and choose Filter by Color → your amber fill. How many rows are amber? (The status bar shows 'x of 505 records found'.) | C5: 215 | D5: Sub LabSnapshot() Dim wsLab As Worksheet, wsOut As Worksheet Dim r As Long, lastRow As Long Dim k As Long, nextRow As Long Dim flag As String, code As String Dim found As Boolean Dim pct As Double, topPct As Double, topCode As String Set wsLab = ThisWorkbook.Worksheets("Labs") Set wsOut = ThisWorkbook.Worksheets("Output") lastRow = wsLab.Cells(wsLab.Rows.Count, 1).End(xlUp).Row ' 1. Reset: remove old fills and the old summary so the macro can be re-run wsLab.Range("A2:L" & lastRow).Interior.ColorIndex = xlNone wsOut.Range("E5:H40").ClearContents wsOut.Range("J5").ClearContents nextRow = 5 ' first empty row of the summary table For r = 2 To lastRow flag = wsLab.Cells(r, 9).Value ' column I = AbnormalFlag code = wsLab.Cells(r, 3).Value ' column C = TestCode ' 2. Color the row (columns A:L) by its flag Select Case flag Case "HH", "LL" wsLab.Range("A" & r & ":L" & r).Interior.Color = RGB(255, 199, 206) Case "H", "L" wsLab.Range("A" & r & ":L" & r).Interior.Color = RGB(255, 235, 156) End Select ' 3. Find this test in the summary table; add a new row if it isn't there yet found = False For k = 5 To nextRow - 1 If wsOut.Cells(k, 5).Value = code Then found = True Exit For ' k now points at the test's row End If Next k If Not found Then k = nextRow wsOut.Cells(k, 5).Value = code wsOut.Cells(k, 6).Value = 0 wsOut.Cells(k, 7).Value = 0 nextRow = nextRow + 1 End If ' 4. Update the counts wsOut.Cells(k, 6).Value = wsOut.Cells(k, 6).Value + 1 ' Results If flag <> "N" Then wsOut.Cells(k, 7).Value = wsOut.Cells(k, 7).Value + 1 ' Abnormal End If Next r ' 5. Percent abnormal for each test, tracking the highest For k = 5 To nextRow - 1 pct = wsOut.Cells(k, 7).Value / wsOut.Cells(k, 6).Value wsOut.Cells(k, 8).Value = pct If pct > topPct Then topPct = pct topCode = wsOut.Cells(k, 5).Value End If Next k wsOut.Range("H5:H40").NumberFormat = "0.0%" wsOut.Range("J5").Value = topCode MsgBox "Tests summarized: " & (nextRow - 5) & vbNewLine & _ "Highest % abnormal: " & topCode & " (" & Format(topPct, "0.0%") & ")", _ vbInformation, "Lab snapshot" End Sub | E5: {=COUNTIF(Labs!I2:I506,"H")+COUNTIF(Labs!I2:I506,"L")} | F5: A worksheet formula can't see fill colors, so Filter by Color (Lesson 1.6) is how you check the coloring. Clearing the old fills first matters: without it, a row that was amber yesterday would stay amber even if its flag changed. Clear the filter afterwards (Data → Clear). The full macro is also in solutions/LabSnapshot_Solution.bas.
A6: B2 | B6: How many TestCode rows does your summary table have? (The gray cell counts the codes in Output!E5:E40.) | C6: 10 | D6: Run LabSnapshot (full code in B1). The gray cell uses =COUNTA(Output!E5:E40). | E6: {=SUMPRODUCT(1/COUNTIF(Labs!C2:C506,Labs!C2:C506))} | F6: The inner loop searches only the rows already written (5 to nextRow − 1). If it finishes without a match, the code is new, so the macro writes it in nextRow and moves nextRow down one row. That search-or-add pattern is what a Dictionary does for you in Lesson 5.4. The ICU slice has 10 distinct tests.
A7: B3 | B7: How many creatinine (CREAT) results are abnormal (any flag other than N)? (The gray cell looks up CREAT in your table.) | C7: 40 | D7: Run LabSnapshot. The gray cell uses =INDEX(Output!G5:G40,MATCH("CREAT",Output!E5:E40,0)). | E7: {=COUNTIFS(Labs!C2:C506,"CREAT",Labs!I2:I506,"<>N")} | F7: <> "N" counts H, L, HH, and LL together, which is what abnormal means here. Updating the count in the found row k works because Exit For left k pointing at that row.
A8: B4 | B8: What percentage of lactate (LACT) results are abnormal? (The gray cell looks up LACT in your table.) | C8: 0.76923077 | D8: Run LabSnapshot. The gray cell uses =INDEX(Output!H5:H40,MATCH("LACT",Output!E5:E40,0)). | E8: {=COUNTIFS(Labs!C2:C506,"LACT",Labs!I2:I506,"<>N")/COUNTIF(Labs!C2:C506,"LACT")} | F8: Store the ratio (0.769…) and let .NumberFormat = "0.0%" display it. If you store 76.9 instead, the check accepts that too, but a true fraction is easier to reuse in later formulas. Dividing in a separate loop after counting means each test is divided once, with its final totals.
A9: B5 | B9: Which TestCode has the highest percentage of abnormal results? (The gray cell reads Output!J5.) | C9: GLU | D9: Run LabSnapshot. Step 5 keeps the best value so far in topPct and its code in topCode. | E9: — | F9: The running maximum pattern compares each value with the best one seen so far. In this ICU sample, glucose (69 of 85, 81.2%) edges out lactate (76.9%). That's plausible, because stress hyperglycemia is common in critically ill patients. Lactate has the most critical values, though (21 of the 24 HH or LL results), so "most often abnormal" and "most dangerous" are different questions.
