Workbook

Sheet Start Here
B2: Lesson 3.1
B3: Excel Tables, Structured References & Named Ranges
B4: Intermediate · about 105 minutes · Bluestone Health System (fictional)
B6: What you'll learn
B7: • | C7: Convert ranges to Excel Tables and name them
B8: • | C8: Write structured references like tblInventory[UnitCost] and [@QtyOnHand]
B9: • | C9: Use calculated columns, the Total Row, and slicers on Tables
B10: • | C10: Create, manage, and use named ranges and named constants
B12: How to use this workbook
B13: 1. Read the guide | C13: The lesson guide (README) explains each skill with examples: https://github.com/lmansf/learn-excel/tree/main/03-data-analysis/01-tables-named-ranges
B14: 2. Practice | C14: Go to the 'Practice' sheet. Type a formula or value into each yellow cell. For tasks 1, 3, 5, and 9, do the work on the Inventory or Settings sheet instead, and the task's gray cell on Practice reads it.
B15: 3. Check yourself | C15: The Check column shows ✔ Correct (green) or ✘ Not yet (red).
B16: 4. Bonus | C16: Finished? Try the harder 'Bonus' sheet.
B17: 5. Answers | C17: The 'Answer Key' and 'Bonus Key' sheets are hidden. Right-click any sheet tab → Unhide… → pick one → OK. (Try first!)
B18: Note | C18: The Inventory, Settings, and Vendors sheets are plain ranges on purpose. You turn them into Tables and named cells as part of the practice and the bonus.
B20: Color legend
B21: Yellow cell | C21: Your answer goes here.
B22: Gray cell | C22: Pre-filled summary formula. It reads the work you did on another sheet, so don't type over it.
B23: ✔ Correct | C23: Your answer matches the key.
B24: ✘ Not yet | C24: Not matching yet. Check the hint and try again.
B26: Sheets in this workbook
B27: Practice | C27: 12 practice tasks, each with a Check cell.
B28: Inventory | C28: Data: 257 rows
B29: Settings | C29: Data: 2 rows
B30: Bonus | C30: The bonus challenge (4 parts).
B31: Vendors | C31: Data: 7 rows
B32: About the data | C32: Supply inventory snapshot for 15 storerooms across three Bluestone hospitals (257 stock rows, as of 12/31/2025), a Settings sheet with the report date and expiry window, and Purchasing's vendor list.
B33: Disclaimer | C33: All people, places, and numbers are synthetic and fictional. Not clinical guidance.

Sheet Practice
A1: Lesson 3.1 · Practice
A2: The tasks use the Inventory sheet: supply stock in 15 storerooms across three Bluestone hospitals, in the snapshot taken on 12/31/2025. Task 9 also uses the Settings sheet. Do the tasks in order, because later tasks use the Table, columns, Total Row, and names you create in earlier ones. After task 1, write formulas with structured references such as tblInventory[QtyOnHand] instead of cell ranges.
A3: Type a formula or value in each yellow cell. For tasks 1, 3, 5, and 9, do the work on the Inventory or Settings sheet instead, and the gray cell here reads it. The Check column turns green when your answer matches. Stuck? Read the hint, then the lesson guide. Answers: right-click a sheet tab → Unhide… → 'Answer Key'.
A4: ="Score: "&COUNTIF(E6:E17,"✔*")&" of 12 auto-checked tasks correct"
A5: # | B5: Task | C5: Hint | D5: Your Answer | E5: Check
A6: 1 | B6: On the Inventory sheet, click any cell in the data and convert the range to an Excel Table with Ctrl + T (Mac: Control + T). Then rename the Table tblInventory in the Table Name box on the Table Design tab (Mac: Table tab). The gray cell finds a Table with that exact name and counts its data rows. It stays blank until the Table exists. | C6: Make sure 'My table has headers' is ticked | D6: {=IFERROR(ROWS(INDIRECT("tblInventory")),"")} | E6: =IF(IFERROR(D6="",FALSE),"",IF(IFERROR(AND(ISNUMBER(D6),OR(ABS(D6-'Answer Key'!$C$5)<=0.0001)),FALSE),"✔ Correct","✘ Not yet"))
A7: 2 | B7: How many stock rows are completely out of stock (QtyOnHand = 0)? Use a structured reference to the QtyOnHand column instead of a cell range. | C7: COUNTIF. Type tblInventory[ and pick the column from the list | E7: =IF(IFERROR(D7="",FALSE),"",IF(IFERROR(AND(ISNUMBER(D7),OR(ABS(D7-'Answer Key'!$C$6)<=0.0001)),FALSE),"✔ Correct","✘ Not yet"))
A8: 3 | B8: Fill the yellow ExtendedValue column (column R) with a calculated column: each row's QtyOnHand × UnitCost. Type the formula once in R2 and press Enter, and the Table fills every row. The gray cell totals the column: what's the value of all stock on hand across the system? | C8: Click the QtyOnHand cell in the same row while you type, and Excel writes [@QtyOnHand] | D8: {=IF(COUNT(Inventory!$R$2:$R$258)=0,"",SUM(Inventory!$R$2:$R$258))} | E8: =IF(IFERROR(D8="",FALSE),"",IF(IFERROR(AND(ISNUMBER(D8),OR(ABS(D8-'Answer Key'!$C$7)<=0.0051)),FALSE),"✔ Correct","✘ Not yet"))
A9: 4 | B9: What share of the system's total inventory value (ExtendedValue) is Orthopedic Implants stock? Divide the category's value by the total of all rows and enter it as a percentage, to 1 decimal place. | C9: SUMIFS(…)/SUM(…), both with structured references | E9: =IF(IFERROR(D9="",FALSE),"",IF(IFERROR(AND(ISNUMBER(D9),OR(ABS(D9-'Answer Key'!$C$8)<=0.00051,ABS(D9-'Answer Key'!$C$8*100)<=0.051000000000000004)),FALSE),"✔ Correct","✘ Not yet"))
A10: 5 | B10: Fill the yellow NeedsReorder column (column S) with a calculated column that returns TRUE when QtyOnHand is at or below ReorderPoint, and FALSE otherwise. The gray cell counts the TRUE rows: how many stock rows need reordering? | C10: A comparison already returns TRUE or FALSE, so you don't need IF | D10: {=IF(COUNTA(Inventory!$S$2:$S$258)=0,"",COUNTIF(Inventory!$S$2:$S$258,TRUE))} | E10: =IF(IFERROR(D10="",FALSE),"",IF(IFERROR(AND(ISNUMBER(D10),OR(ABS(D10-'Answer Key'!$C$9)<=0.0001)),FALSE),"✔ Correct","✘ Not yet"))
A11: 6 | B11: Turn on the Table's Total Row and set the LeadTimeDays total to Average. Then, in the yellow cell, type = and click that Total Row cell, so Excel writes a [#Totals] reference. What's the average vendor lead time in days, to 2 decimal places? | C11: Table Design → Total Row (Windows: Ctrl + Shift + T; Mac: Table → Total Row), then use the drop-down arrow in the Total Row cell | E11: =IF(IFERROR(D11="",FALSE),"",IF(IFERROR(AND(ISNUMBER(D11),OR(ABS(D11-'Answer Key'!$C$10)<=0.0051)),FALSE),"✔ Correct","✘ Not yet"))
A12: 7 | B12: With the Total Row still on, what does =ROWS(tblInventory[#All]) return? Predict it first, then type the formula to check. | C12: #All is everything: which rows does it include that tblInventory[QtyOnHand] doesn't? | E12: =IF(IFERROR(D12="",FALSE),"",IF(IFERROR(AND(ISNUMBER(D12),OR(ABS(D12-'Answer Key'!$C$11)<=0.0001)),FALSE),"✔ Correct","✘ Not yet"))
A13: 8 | B13: Insert slicers for Facility and Category (Table Design → Insert Slicer; Mac: Table → Insert Slicer). Select Cedar Ridge Medical Center in the Facility slicer and Surgical in the Category slicer. Set the Total Row's ExtendedValue cell to Sum. What value does it show? Type the number, then clear both slicers, because while they filter the Table the Total Row (and task 6) only summarizes the visible rows. | C13: Slicers filter the Table, and SUBTOTAL ignores rows the filter hides | E13: =IF(IFERROR(D13="",FALSE),"",IF(IFERROR(AND(ISNUMBER(D13),OR(ABS(D13-'Answer Key'!$C$12)<=0.0051)),FALSE),"✔ Correct","✘ Not yet"))
A14: 9 | B14: On the Settings sheet, select A2:B3 and use Formulas → Create from Selection (tick only Left column) to name cell B2 ReportDate and cell B3 ExpiringWindowDays. The gray cell looks up both names and adds them: what date does it show? | C14: The labels in column A become the names of the cells beside them | D14: {=IFERROR(INDIRECT("ReportDate")+INDIRECT("ExpiringWindowDays"),"")} | E14: =IF(IFERROR(D14="",FALSE),"",IF(IFERROR(AND(ISNUMBER(D14),INT(D14)=INT('Answer Key'!$C$13)),FALSE),"✔ Correct","✘ Not yet"))
A15: 10 | B15: How many stock rows expire inside the expiry window? Count rows whose ExpirationDate is later than ReportDate and no later than ReportDate + ExpiringWindowDays. Use the two names in a COUNTIFS (rows with no ExpirationDate don't count). | C15: Join an operator to a name the way you join it to a cell: ">"&ReportDate | E15: =IF(IFERROR(D15="",FALSE),"",IF(IFERROR(AND(ISNUMBER(D15),OR(ABS(D15-'Answer Key'!$C$14)<=0.0001)),FALSE),"✔ Correct","✘ Not yet"))
A16: 11 | B16: Expired stock must be pulled from the shelves and written off. What's the total ExtendedValue of rows whose ExpirationDate is before ReportDate? Enter it to the cent. | C16: SUMIFS with a "<"&ReportDate criterion | E16: =IF(IFERROR(D16="",FALSE),"",IF(IFERROR(AND(ISNUMBER(D16),OR(ABS(D16-'Answer Key'!$C$15)<=0.0051)),FALSE),"✔ Correct","✘ Not yet"))
A17: 12 | B17: Policy says every stock row must be cycle-counted at least every 30 days. Create a named constant CycleCountDays that refers to =30 with Formulas → Define Name. It doesn't live in any cell. How many rows are overdue, meaning ReportDate − LastCountDate is greater than CycleCountDays? | C17: Rearrange: overdue means LastCountDate < ReportDate − CycleCountDays | E17: =IF(IFERROR(D17="",FALSE),"",IF(IFERROR(AND(ISNUMBER(D17),OR(ABS(D17-'Answer Key'!$C$16)<=0.0001)),FALSE),"✔ Correct","✘ Not yet"))

Sheet Inventory
A1: StockID | B1: SKU | C1: ItemDescription | D1: Category | E1: Vendor | F1: UnitOfMeasure | G1: UnitCost | H1: Facility | I1: Location | J1: QtyOnHand | K1: ParLevel | L1: ReorderPoint | M1: ReorderQty | N1: LeadTimeDays | O1: LastCountDate | P1: ExpirationDate | Q1: LotNumber | R1: ExtendedValue | S1: NeedsReorder
A2: STK4001 | B2: SKU-10007 | C2: Nitrile Exam Gloves Small (Box/100) | D2: PPE | E2: Harbor Health Products | F2: Box | G2: 8.22 | H2: Cedar Ridge Medical Center | I2: Emergency Department | J2: 527 | K2: 481 | L2: 140 | M2: 341 | N2: 2 | O2: 45999
A3: STK4002 | B3: SKU-10014 | C3: Nitrile Exam Gloves Medium (Box/100) | D3: PPE | E3: Northstar Medical Supply | F3: Box | G3: 7.8 | H3: Bluestone Memorial Hospital | I3: Medical-Surgical 4 West | J3: 403 | K3: 800 | L3: 313 | M3: 487 | N3: 5 | O3: 46014
A4: STK4003 | B4: SKU-10014 | C4: Nitrile Exam Gloves Medium (Box/100) | D4: PPE | E4: Northstar Medical Supply | F4: Box | G4: 7.8 | H4: Bluestone Memorial Hospital | I4: Perioperative Services | J4: 578 | K4: 800 | L4: 225 | M4: 575 | N4: 2 | O4: 45988
A5: STK4004 | B5: SKU-10021 | C5: Nitrile Exam Gloves Large (Box/100) | D5: PPE | E5: Northstar Medical Supply | F5: Box | G5: 9.28 | H5: Bluestone Memorial Hospital | I5: Pediatrics | J5: 550 | K5: 491 | L5: 179 | M5: 312 | N5: 3 | O5: 46008
A6: STK4005 | B6: SKU-10021 | C6: Nitrile Exam Gloves Large (Box/100) | D6: PPE | E6: Northstar Medical Supply | F6: Box | G6: 9.28 | H6: Bluestone Memorial Hospital | I6: Perioperative Services | J6: 495 | K6: 460 | L6: 155 | M6: 305 | N6: 2 | O6: 45989
A7: STK4006 | B7: SKU-10021 | C7: Nitrile Exam Gloves Large (Box/100) | D7: PPE | E7: Northstar Medical Supply | F7: Box | G7: 9.28 | H7: Ashby Falls Community Hospital | I7: Medical-Surgical | J7: 324 | K7: 497 | L7: 193 | M7: 304 | N7: 10 | O7: 46014
A8: STK4007 | B8: SKU-10028 | C8: Nitrile Exam Gloves X-Large (Box/100) | D8: PPE | E8: Northstar Medical Supply | F8: Box | G8: 7.29 | H8: Cedar Ridge Medical Center | I8: Emergency Department | J8: 703 | K8: 788 | L8: 290 | M8: 498 | N8: 7 | O8: 46013
A9: STK4008 | B9: SKU-10035 | C9: Isolation Gown, Level 2 Regular | D9: PPE | E9: CareLine Distributors | F9: Case | G9: 54.86 | H9: Bluestone Memorial Hospital | I9: Labor & Delivery | J9: 0 | K9: 72 | L9: 18 | M9: 54 | N9: 3 | O9: 46020
A10: STK4009 | B10: SKU-10035 | C10: Isolation Gown, Level 2 Regular | D10: PPE | E10: CareLine Distributors | F10: Case | G10: 54.86 | H10: Ashby Falls Community Hospital | I10: Emergency Department | J10: 47 | K10: 174 | L10: 48 | M10: 126 | N10: 2 | O10: 45978
A11: STK4010 | B11: SKU-10042 | C11: Isolation Gown, Level 2 X-Large | D11: PPE | E11: CareLine Distributors | F11: Case | G11: 51.32 | H11: Bluestone Memorial Hospital | I11: Labor & Delivery | J11: 65 | K11: 55 | L11: 19 | M11: 36 | N11: 7 | O11: 45980
A12: STK4011 | B12: SKU-10042 | C12: Isolation Gown, Level 2 X-Large | D12: PPE | E12: CareLine Distributors | F12: Case | G12: 51.32 | H12: Bluestone Memorial Hospital | I12: Perioperative Services | J12: 82 | K12: 77 | L12: 26 | M12: 51 | N12: 2 | O12: 45999
A13: STK4012 | B13: SKU-10049 | C13: N95 Respirator Small (Box/20) | D13: PPE | E13: Northstar Medical Supply | F13: Box | G13: 31.56 | H13: Bluestone Memorial Hospital | I13: Orthopedics & Spine | J13: 263 | K13: 226 | L13: 86 | M13: 140 | N13: 3 | O13: 45986 | P13: 46367 | Q13: L567778
A14: STK4013 | B14: SKU-10049 | C14: N95 Respirator Small (Box/20) | D14: PPE | E14: Northstar Medical Supply | F14: Box | G14: 31.56 | H14: Bluestone Memorial Hospital | I14: Oncology | J14: 126 | K14: 225 | L14: 88 | M14: 137 | N14: 10 | O14: 45995 | P14: 46181 | Q14: L705867
A15: STK4014 | B15: SKU-10049 | C15: N95 Respirator Small (Box/20) | D15: PPE | E15: Northstar Medical Supply | F15: Box | G15: 31.56 | H15: Bluestone Memorial Hospital | I15: Laboratory | J15: 37 | K15: 150 | L15: 53 | M15: 97 | N15: 3 | O15: 45987 | P15: 46126 | Q15: L670999
A16: STK4015 | B16: SKU-10056 | C16: N95 Respirator Regular (Box/20) | D16: PPE | E16: Northstar Medical Supply | F16: Box | G16: 30.79 | H16: Bluestone Memorial Hospital | I16: Medical-Surgical 5 East | J16: 121 | K16: 148 | L16: 39 | M16: 109 | N16: 3 | O16: 46014 | P16: 46324 | Q16: L274021
A17: STK4016 | B17: SKU-10056 | C17: N95 Respirator Regular (Box/20) | D17: PPE | E17: Northstar Medical Supply | F17: Box | G17: 30.79 | H17: Bluestone Memorial Hospital | I17: Labor & Delivery | J17: 36 | K17: 117 | L17: 32 | M17: 85 | N17: 10 | O17: 45983 | P17: 46487 | Q17: L412381
A18: STK4017 | B18: SKU-10056 | C18: N95 Respirator Regular (Box/20) | D18: PPE | E18: Northstar Medical Supply | F18: Box | G18: 30.79 | H18: Bluestone Memorial Hospital | I18: Perioperative Services | J18: 71 | K18: 153 | L18: 60 | M18: 93 | N18: 3 | O18: 45989 | P18: 46118 | Q18: L805667
A19: STK4018 | B19: SKU-10063 | C19: Procedure Mask, Ear Loop (Box/50) | D19: PPE | E19: CareLine Distributors | F19: Box | G19: 5.82 | H19: Bluestone Memorial Hospital | I19: Oncology | J19: 90 | K19: 426 | L19: 155 | M19: 271 | N19: 5 | O19: 46018
A20: STK4019 | B20: SKU-10063 | C20: Procedure Mask, Ear Loop (Box/50) | D20: PPE | E20: CareLine Distributors | F20: Box | G20: 5.82 | H20: Ashby Falls Community Hospital | I20: Emergency Department | J20: 158 | K20: 430 | L20: 110 | M20: 320 | N20: 7 | O20: 46016
A21: STK4020 | B21: SKU-10063 | C21: Procedure Mask, Ear Loop (Box/50) | D21: PPE | E21: CareLine Distributors | F21: Box | G21: 5.82 | H21: Cedar Ridge Medical Center | I21: Medical-Surgical | J21: 441 | K21: 800 | L21: 310 | M21: 490 | N21: 3 | O21: 45999
A22: STK4021 | B22: SKU-10070 | C22: Face Shield, Full Length (Box/24) | D22: PPE | E22: Harbor Health Products | F22: Box | G22: 19.06 | H22: Bluestone Memorial Hospital | I22: Medical-Surgical 5 East | J22: 182 | K22: 142 | L22: 49 | M22: 93 | N22: 3 | O22: 45984
A23: STK4022 | B23: SKU-10070 | C23: Face Shield, Full Length (Box/24) | D23: PPE | E23: Harbor Health Products | F23: Box | G23: 19.06 | H23: Bluestone Memorial Hospital | I23: Labor & Delivery | J23: 337 | K23: 288 | L23: 110 | M23: 178 | N23: 5 | O23: 46004
A24: STK4023 | B24: SKU-10070 | C24: Face Shield, Full Length (Box/24) | D24: PPE | E24: Harbor Health Products | F24: Box | G24: 19.06 | H24: Bluestone Memorial Hospital | I24: Pediatrics | J24: 191 | K24: 322 | L24: 109 | M24: 213 | N24: 3 | O24: 45991
A25: STK4024 | B25: SKU-10077 | C25: Shoe Covers, Non-Skid (Case/300) | D25: PPE | E25: Keystone Lab Solutions | F25: Case | G25: 40.02 | H25: Bluestone Memorial Hospital | I25: Medical-Surgical 4 West | J25: 121 | K25: 115 | L25: 44 | M25: 71 | N25: 5 | O25: 45979
A26: STK4025 | B26: SKU-10077 | C26: Shoe Covers, Non-Skid (Case/300) | D26: PPE | E26: Keystone Lab Solutions | F26: Case | G26: 40.02 | H26: Bluestone Memorial Hospital | I26: Orthopedics & Spine | J26: 46 | K26: 93 | L26: 32 | M26: 61 | N26: 3 | O26: 46007
A27: STK4026 | B27: SKU-10077 | C27: Shoe Covers, Non-Skid (Case/300) | D27: PPE | E27: Keystone Lab Solutions | F27: Case | G27: 40.02 | H27: Bluestone Memorial Hospital | I27: Perioperative Services | J27: 213 | K27: 164 | L27: 42 | M27: 122 | N27: 5 | O27: 46009
A28: STK4027 | B28: SKU-10084 | C28: IV Catheter 14G x 1.16 in | D28: IV Supplies | E28: Pinnacle Biomedical | F28: Box | G28: 60.04 | H28: Bluestone Memorial Hospital | I28: Medical-Surgical 4 West | J28: 44 | K28: 64 | L28: 22 | M28: 42 | N28: 14 | O28: 45977 | P28: 46233 | Q28: L227031
A29: STK4028 | B29: SKU-10091 | C29: IV Catheter 16G x 1.16 in | D29: IV Supplies | E29: Pinnacle Biomedical | F29: Box | G29: 69.18 | H29: Bluestone Memorial Hospital | I29: Medical-Surgical 5 East | J29: 71 | K29: 108 | L29: 40 | M29: 68 | N29: 5 | O29: 46001 | P29: 46009 | Q29: L323955
A30: STK4029 | B30: SKU-10098 | C30: IV Catheter 18G x 1.16 in | D30: IV Supplies | E30: Pinnacle Biomedical | F30: Box | G30: 73.33 | H30: Bluestone Memorial Hospital | I30: Oncology | J30: 50 | K30: 76 | L30: 29 | M30: 47 | N30: 3 | O30: 45986 | P30: 46382 | Q30: L551785
A31: STK4030 | B31: SKU-10098 | C31: IV Catheter 18G x 1.16 in | D31: IV Supplies | E31: Pinnacle Biomedical | F31: Box | G31: 73.33 | H31: Bluestone Memorial Hospital | I31: Labor & Delivery | J31: 118 | K31: 132 | L31: 46 | M31: 86 | N31: 7 | O31: 45992 | P31: 46392 | Q31: L490763
A32: STK4031 | B32: SKU-10105 | C32: IV Catheter 20G x 1.16 in | D32: IV Supplies | E32: Pinnacle Biomedical | F32: Box | G32: 69.13 | H32: Ashby Falls Community Hospital | I32: Medical-Surgical | J32: 151 | K32: 148 | L32: 41 | M32: 107 | N32: 5 | O32: 46004 | P32: 46272 | Q32: L262859
A33: STK4032 | B33: SKU-10105 | C33: IV Catheter 20G x 1.16 in | D33: IV Supplies | E33: Pinnacle Biomedical | F33: Box | G33: 69.13 | H33: Bluestone Memorial Hospital | I33: Laboratory | J33: 104 | K33: 190 | L33: 74 | M33: 116 | N33: 5 | O33: 45995 | P33: 46258 | Q33: L416786
A34: STK4033 | B34: SKU-10112 | C34: IV Catheter 22G x 1.16 in | D34: IV Supplies | E34: Pinnacle Biomedical | F34: Box | G34: 68.17 | H34: Bluestone Memorial Hospital | I34: Oncology | J34: 7 | K34: 52 | L34: 19 | M34: 33 | N34: 7 | O34: 45994 | P34: 45957 | Q34: L236652
A35: STK4034 | B35: SKU-10112 | C35: IV Catheter 22G x 1.16 in | D35: IV Supplies | E35: Pinnacle Biomedical | F35: Box | G35: 68.17 | H35: Cedar Ridge Medical Center | I35: Medical-Surgical | J35: 15 | K35: 132 | L35: 35 | M35: 97 | N35: 5 | O35: 45991 | P35: 46468 | Q35: L564515
A36: STK4035 | B36: SKU-10119 | C36: IV Catheter 24G x 1.16 in | D36: IV Supplies | E36: Pinnacle Biomedical | F36: Box | G36: 63.47 | H36: Bluestone Memorial Hospital | I36: Orthopedics & Spine | J36: 93 | K36: 69 | L36: 19 | M36: 50 | N36: 2 | O36: 45995 | P36: 46415 | Q36: L705292
A37: STK4036 | B37: SKU-10119 | C37: IV Catheter 24G x 1.16 in | D37: IV Supplies | E37: Pinnacle Biomedical | F37: Box | G37: 63.47 | H37: Bluestone Memorial Hospital | I37: Pediatrics | J37: 33 | K37: 92 | L37: 28 | M37: 64 | N37: 3 | O37: 46015 | P37: 46464 | Q37: L791852
A38: STK4037 | B38: SKU-10119 | C38: IV Catheter 24G x 1.16 in | D38: IV Supplies | E38: Pinnacle Biomedical | F38: Box | G38: 63.47 | H38: Ashby Falls Community Hospital | I38: Emergency Department | J38: 102 | K38: 355 | L38: 94 | M38: 261 | N38: 5 | O38: 45998 | P38: 46869 | Q38: L343745
A39: STK4038 | B39: SKU-10126 | C39: Primary IV Tubing Set, 60 Drop | D39: IV Supplies | E39: Pinnacle Biomedical | F39: Case | G39: 104.04 | H39: Bluestone Memorial Hospital | I39: Pediatrics | J39: 50 | K39: 38 | L39: 12 | M39: 26 | N39: 3 | O39: 45993 | P39: 46986 | Q39: L290377
... A85: STK4084 | B85: SKU-10252 | C85: Silver Alginate Dressing 4x5 | D85: Wound Care | E85: Pinnacle Biomedical | F85: Each | G85: 13.32 | H85: Bluestone Memorial Hospital | I85: Pediatrics | J85: 99 | K85: 291 | L85: 92 | M85: 199 | N85: 3 | O85: 46005 | P85: 46854 | Q85: L691707
A86: STK4085 | B86: SKU-10259 | C86: Elastic Bandage 2 in | D86: Wound Care | E86: CareLine Distributors | F86: Each | G86: 1.29 | H86: Bluestone Memorial Hospital | I86: Pediatrics | J86: 574 | K86: 800 | L86: 277 | M86: 523 | N86: 7 | O86: 46010
A87: STK4086 | B87: SKU-10259 | C87: Elastic Bandage 2 in | D87: Wound Care | E87: CareLine Distributors | F87: Each | G87: 1.29 | H87: Ashby Falls Community Hospital | I87: Emergency Department | J87: 878 | K87: 800 | L87: 275 | M87: 525 | N87: 2 | O87: 45989
A88: STK4087 | B88: SKU-10259 | C88: Elastic Bandage 2 in | D88: Wound Care | E88: CareLine Distributors | F88: Each | G88: 1.29 | H88: Cedar Ridge Medical Center | I88: Emergency Department | J88: 1076 | K88: 800 | L88: 248 | M88: 552 | N88: 14 | O88: 46010
A89: STK4088 | B89: SKU-10266 | C89: Elastic Bandage 4 in | D89: Wound Care | E89: Summit Orthopedic Systems | F89: Each | G89: 1.38 | H89: Bluestone Memorial Hospital | I89: Laboratory | J89: 788 | K89: 800 | L89: 305 | M89: 495 | N89: 3 | O89: 45989
A90: STK4089 | B90: SKU-10273 | C90: Elastic Bandage 6 in | D90: Wound Care | E90: CareLine Distributors | F90: Each | G90: 1.3 | H90: Bluestone Memorial Hospital | I90: Emergency Department | J90: 633 | K90: 800 | L90: 300 | M90: 500 | N90: 7 | O90: 46020
A91: STK4090 | B91: SKU-10273 | C91: Elastic Bandage 6 in | D91: Wound Care | E91: CareLine Distributors | F91: Each | G91: 1.3 | H91: Bluestone Memorial Hospital | I91: Medical-Surgical 5 East | J91: 129 | K91: 800 | L91: 277 | M91: 523 | N91: 7 | O91: 45997
A92: STK4091 | B92: SKU-10273 | C92: Elastic Bandage 6 in | D92: Wound Care | E92: CareLine Distributors | F92: Each | G92: 1.3 | H92: Bluestone Memorial Hospital | I92: Cardiac Step-Down | J92: 914 | K92: 800 | L92: 234 | M92: 566 | N92: 5 | O92: 46016
A93: STK4092 | B93: SKU-10280 | C93: Nasal Cannula, Adult | D93: Respiratory | E93: Northstar Medical Supply | F93: Each | G93: 0.96 | H93: Ashby Falls Community Hospital | I93: Emergency Department | J93: 961 | K93: 800 | L93: 289 | M93: 511 | N93: 5 | O93: 46010
A94: STK4093 | B94: SKU-10287 | C94: Nasal Cannula, Pediatric | D94: Respiratory | E94: Northstar Medical Supply | F94: Each | G94: 0.91 | H94: Bluestone Memorial Hospital | I94: Medical-Surgical 4 West | J94: 809 | K94: 800 | L94: 207 | M94: 593 | N94: 2 | O94: 45996
A95: STK4094 | B95: SKU-10287 | C95: Nasal Cannula, Pediatric | D95: Respiratory | E95: Northstar Medical Supply | F95: Each | G95: 0.91 | H95: Bluestone Memorial Hospital | I95: Medical-Surgical 5 East | J95: 135 | K95: 800 | L95: 238 | M95: 562 | N95: 3 | O95: 45992
A96: STK4095 | B96: SKU-10294 | C96: Nasal Cannula, Infant | D96: Respiratory | E96: Northstar Medical Supply | F96: Each | G96: 0.99 | H96: Bluestone Memorial Hospital | I96: Medical-Surgical 5 East | J96: 974 | K96: 800 | L96: 228 | M96: 572 | N96: 7 | O96: 45995
A97: STK4096 | B97: SKU-10294 | C97: Nasal Cannula, Infant | D97: Respiratory | E97: Northstar Medical Supply | F97: Each | G97: 0.99 | H97: Bluestone Memorial Hospital | I97: Pediatrics | J97: 603 | K97: 800 | L97: 287 | M97: 513 | N97: 2 | O97: 45985
... A115: STK4114 | B115: SKU-10343 | C115: Yankauer Suction Tip | D115: Respiratory | E115: CareLine Distributors | F115: Each | G115: 0.77 | H115: Cedar Ridge Medical Center | I115: Emergency Department | J115: 478 | K115: 800 | L115: 274 | M115: 526 | N115: 2 | O115: 45991
A116: STK4115 | B116: SKU-10350 | C116: Endotracheal Tube 6.5 mm Cuffed | D116: Respiratory | E116: CareLine Distributors | F116: Each | G116: 7.47 | H116: Bluestone Memorial Hospital | I116: Medical-Surgical 4 West | J116: 0 | K116: 487 | L116: 123 | M116: 364 | N116: 2 | O116: 45999 | P116: 46529 | Q116: L618214
A117: STK4116 | B117: SKU-10350 | C117: Endotracheal Tube 6.5 mm Cuffed | D117: Respiratory | E117: CareLine Distributors | F117: Each | G117: 7.47 | H117: Bluestone Memorial Hospital | I117: Intensive Care Unit | J117: 385 | K117: 358 | L117: 139 | M117: 219 | N117: 5 | O117: 46002 | P117: 46027 | Q117: L456539
A118: STK4117 | B118: SKU-10350 | C118: Endotracheal Tube 6.5 mm Cuffed | D118: Respiratory | E118: CareLine Distributors | F118: Each | G118: 7.47 | H118: Bluestone Memorial Hospital | I118: Pediatrics | J118: 41 | K118: 326 | L118: 89 | M118: 237 | N118: 5 | O118: 46022 | P118: 46128 | Q118: L672777
A119: STK4118 | B119: SKU-10350 | C119: Endotracheal Tube 6.5 mm Cuffed | D119: Respiratory | E119: CareLine Distributors | F119: Each | G119: 7.47 | H119: Ashby Falls Community Hospital | I119: Emergency Department | J119: 250 | K119: 319 | L119: 125 | M119: 194 | N119: 7 | O119: 46003 | P119: 46741 | Q119: L891879
A120: STK4119 | B120: SKU-10357 | C120: Endotracheal Tube 7.0 mm Cuffed | D120: Respiratory | E120: Pinnacle Biomedical | F120: Each | G120: 6.87 | H120: Bluestone Memorial Hospital | I120: Intensive Care Unit | J120: 206 | K120: 401 | L120: 132 | M120: 269 | N120: 10 | O120: 45986 | P120: 46296 | Q120: L752128
A121: STK4120 | B121: SKU-10357 | C121: Endotracheal Tube 7.0 mm Cuffed | D121: Respiratory | E121: Pinnacle Biomedical | F121: Each | G121: 6.87 | H121: Ashby Falls Community Hospital | I121: Emergency Department | J121: 41 | K121: 754 | L121: 244 | M121: 510 | N121: 2 | O121: 46022 | P121: 46021 | Q121: L776015
A122: STK4121 | B122: SKU-10364 | C122: Endotracheal Tube 7.5 mm Cuffed | D122: Respiratory | E122: Pinnacle Biomedical | F122: Each | G122: 7.24 | H122: Bluestone Memorial Hospital | I122: Medical-Surgical 5 East | J122: 400 | K122: 333 | L122: 90 | M122: 243 | N122: 10 | O122: 46018 | P122: 45984 | Q122: L207562
A123: STK4122 | B123: SKU-10364 | C123: Endotracheal Tube 7.5 mm Cuffed | D123: Respiratory | E123: Pinnacle Biomedical | F123: Each | G123: 7.24 | H123: Bluestone Memorial Hospital | I123: Intensive Care Unit | J123: 294 | K123: 387 | L123: 108 | M123: 279 | N123: 3 | O123: 45996 | P123: 46718 | Q123: L633099
A124: STK4123 | B124: SKU-10364 | C124: Endotracheal Tube 7.5 mm Cuffed | D124: Respiratory | E124: Pinnacle Biomedical | F124: Each | G124: 7.24 | H124: Ashby Falls Community Hospital | I124: Emergency Department | J124: 228 | K124: 422 | L124: 155 | M124: 267 | N124: 7 | O124: 46021 | P124: 46102 | Q124: L348427
A125: STK4124 | B125: SKU-10371 | C125: Endotracheal Tube 8.0 mm Cuffed | D125: Respiratory | E125: Pinnacle Biomedical | F125: Each | G125: 6.65 | H125: Bluestone Memorial Hospital | I125: Emergency Department | J125: 641 | K125: 791 | L125: 300 | M125: 491 | N125: 3 | O125: 46013 | P125: 46651 | Q125: L475434
A126: STK4125 | B126: SKU-10371 | C126: Endotracheal Tube 8.0 mm Cuffed | D126: Respiratory | E126: Pinnacle Biomedical | F126: Each | G126: 6.65 | H126: Cedar Ridge Medical Center | I126: Emergency Department | J126: 392 | K126: 602 | L126: 182 | M126: 420 | N126: 5 | O126: 46016 | P126: 46705 | Q126: L857893
A127: STK4126 | B127: SKU-10378 | C127: Blood Culture Bottle, Aerobic | D127: Lab Supplies | E127: Keystone Lab Solutions | F127: Each | G127: 8.39 | H127: Bluestone Memorial Hospital | I127: Emergency Department | J127: 343 | K127: 470 | L127: 177 | M127: 293 | N127: 2 | O127: 45986 | P127: 46315 | Q127: L683507
... A148: STK4147 | B148: SKU-10441 | C148: Safety Lancet 23G (Box/200) | D148: Lab Supplies | E148: Harbor Health Products | F148: Box | G148: 20.74 | H148: Bluestone Memorial Hospital | I148: Intensive Care Unit | J148: 263 | K148: 255 | L148: 68 | M148: 187 | N148: 2 | O148: 46001 | P148: 46558 | Q148: L979392
A149: STK4148 | B149: SKU-10448 | C149: Specimen Container 4 oz Sterile | D149: Lab Supplies | E149: Keystone Lab Solutions | F149: Each | G149: 0.45 | H149: Bluestone Memorial Hospital | I149: Emergency Department | J149: 223 | K149: 800 | L149: 248 | M149: 552 | N149: 7 | O149: 46003
A150: STK4149 | B150: SKU-10448 | C150: Specimen Container 4 oz Sterile | D150: Lab Supplies | E150: Keystone Lab Solutions | F150: Each | G150: 0.45 | H150: Bluestone Memorial Hospital | I150: Intensive Care Unit | J150: 985 | K150: 800 | L150: 268 | M150: 532 | N150: 7 | O150: 46019
A151: STK4150 | B151: SKU-10448 | C151: Specimen Container 4 oz Sterile | D151: Lab Supplies | E151: Keystone Lab Solutions | F151: Each | G151: 0.45 | H151: Bluestone Memorial Hospital | I151: Laboratory | J151: 349 | K151: 800 | L151: 280 | M151: 520 | N151: 7 | O151: 46012
A152: STK4151 | B152: SKU-10455 | C152: Glucose Test Strips (Box/50) | D152: Lab Supplies | E152: Keystone Lab Solutions | F152: Box | G152: 19.15 | H152: Bluestone Memorial Hospital | I152: Laboratory | J152: 706 | K152: 524 | L152: 201 | M152: 323 | N152: 7 | O152: 45994 | P152: 46247 | Q152: L927136
A153: STK4152 | B153: SKU-10462 | C153: Urinalysis Reagent Strips (Bottle/100) | D153: Lab Supplies | E153: Northstar Medical Supply | F153: Bottle | G153: 34.35 | H153: Bluestone Memorial Hospital | I153: Emergency Department | J153: 125 | K153: 264 | L153: 93 | M153: 171 | N153: 7 | O153: 46008 | P153: 46657 | Q153: L416823
A154: STK4153 | B154: SKU-10462 | C154: Urinalysis Reagent Strips (Bottle/100) | D154: Lab Supplies | E154: Northstar Medical Supply | F154: Bottle | G154: 34.35 | H154: Bluestone Memorial Hospital | I154: Laboratory | J154: 94 | K154: 188 | L154: 58 | M154: 130 | N154: 10 | O154: 45983 | P154: 46435 | Q154: L602287
A155: STK4154 | B155: SKU-10469 | C155: Absorbable Suture 2-0 | D155: Surgical | E155: Apex Surgical Co. | F155: Box | G155: 121.99 | H155: Bluestone Memorial Hospital | I155: Emergency Department | J155: 45 | K155: 38 | L155: 13 | M155: 25 | N155: 10 | O155: 46007 | P155: 46288 | Q155: L289056
A156: STK4155 | B156: SKU-10476 | C156: Absorbable Suture 3-0 | D156: Surgical | E156: CareLine Distributors | F156: Box | G156: 100.58 | H156: Bluestone Memorial Hospital | I156: Emergency Department | J156: 95 | K156: 93 | L156: 35 | M156: 58 | N156: 2 | O156: 46017 | P156: 46400 | Q156: L548965
A157: STK4156 | B157: SKU-10476 | C157: Absorbable Suture 3-0 | D157: Surgical | E157: CareLine Distributors | F157: Box | G157: 100.58 | H157: Ashby Falls Community Hospital | I157: Emergency Department | J157: 66 | K157: 73 | L157: 19 | M157: 54 | N157: 2 | O157: 46006 | P157: 46049 | Q157: L308334
A158: STK4157 | B158: SKU-10483 | C158: Absorbable Suture 4-0 | D158: Surgical | E158: Apex Surgical Co. | F158: Box | G158: 116.75 | H158: Ashby Falls Community Hospital | I158: Emergency Department | J158: 0 | K158: 89 | L158: 24 | M158: 65 | N158: 10 | O158: 45984 | P158: 46231 | Q158: L190346
A159: STK4158 | B159: SKU-10490 | C159: Nylon Suture 3-0 | D159: Surgical | E159: Apex Surgical Co. | F159: Box | G159: 62.58 | H159: Bluestone Memorial Hospital | I159: Perioperative Services | J159: 55 | K159: 55 | L159: 16 | M159: 39 | N159: 2 | O159: 46003 | P159: 46371 | Q159: L922768
A160: STK4159 | B160: SKU-10490 | C160: Nylon Suture 3-0 | D160: Surgical | E160: Apex Surgical Co. | F160: Box | G160: 62.58 | H160: Ashby Falls Community Hospital | I160: Emergency Department | J160: 24 | K160: 82 | L160: 22 | M160: 60 | N160: 3 | O160: 46012 | P160: 46121 | Q160: L887965
A161: STK4160 | B161: SKU-10497 | C161: Nylon Suture 4-0 | D161: Surgical | E161: Apex Surgical Co. | F161: Box | G161: 65.1 | H161: Bluestone Memorial Hospital | I161: Emergency Department | J161: 56 | K161: 59 | L161: 15 | M161: 44 | N161: 5 | O161: 45979 | P161: 46891 | Q161: L263161
A162: STK4161 | B162: SKU-10497 | C162: Nylon Suture 4-0 | D162: Surgical | E162: Apex Surgical Co. | F162: Box | G162: 65.1 | H162: Ashby Falls Community Hospital | I162: Emergency Department | J162: 13 | K162: 127 | L162: 44 | M162: 83 | N162: 10 | O162: 45977 | P162: 46297 | Q162: L405637
A163: STK4162 | B163: SKU-10504 | C163: Nylon Suture 5-0 | D163: Surgical | E163: Pinnacle Biomedical | F163: Box | G163: 69.55 | H163: Bluestone Memorial Hospital | I163: Perioperative Services | J163: 0 | K163: 52 | L163: 14 | M163: 38 | N163: 2 | O163: 45978 | P163: 46865 | Q163: L988525
A164: STK4163 | B164: SKU-10504 | C164: Nylon Suture 5-0 | D164: Surgical | E164: Pinnacle Biomedical | F164: Box | G164: 69.55 | H164: Cedar Ridge Medical Center | I164: Emergency Department | J164: 87 | K164: 183 | L164: 71 | M164: 112 | N164: 10 | O164: 45994 | P164: 46244 | Q164: L755825
A165: STK4164 | B165: SKU-10511 | C165: Surgical Blade #10 (Box/50) | D165: Surgical | E165: Apex Surgical Co. | F165: Box | G165: 23.51 | H165: Cedar Ridge Medical Center | I165: Emergency Department | J165: 737 | K165: 717 | L165: 240 | M165: 477 | N165: 10 | O165: 46003
A166: STK4165 | B166: SKU-10518 | C166: Surgical Blade #11 (Box/50) | D166: Surgical | E166: Apex Surgical Co. | F166: Box | G166: 27.03 | H166: Bluestone Memorial Hospital | I166: Emergency Department | J166: 192 | K166: 210 | L166: 71 | M166: 139 | N166: 3 | O166: 46001
A167: STK4166 | B167: SKU-10518 | C167: Surgical Blade #11 (Box/50) | D167: Surgical | E167: Apex Surgical Co. | F167: Box | G167: 27.03 | H167: Bluestone Memorial Hospital | I167: Perioperative Services | J167: 66 | K167: 187 | L167: 51 | M167: 136 | N167: 3 | O167: 46014
A168: STK4167 | B168: SKU-10518 | C168: Surgical Blade #11 (Box/50) | D168: Surgical | E168: Apex Surgical Co. | F168: Box | G168: 27.03 | H168: Cedar Ridge Medical Center | I168: Emergency Department | J168: 120 | K168: 197 | L168: 67 | M168: 130 | N168: 2 | O168: 46008
A169: STK4168 | B169: SKU-10525 | C169: Surgical Blade #15 (Box/50) | D169: Surgical | E169: Apex Surgical Co. | F169: Box | G169: 24.77 | H169: Bluestone Memorial Hospital | I169: Emergency Department | J169: 35 | K169: 143 | L169: 53 | M169: 90 | N169: 2 | O169: 45984
A170: STK4169 | B170: SKU-10525 | C170: Surgical Blade #15 (Box/50) | D170: Surgical | E170: Apex Surgical Co. | F170: Box | G170: 24.77 | H170: Ashby Falls Community Hospital | I170: Emergency Department | J170: 345 | K170: 307 | L170: 102 | M170: 205 | N170: 10 | O170: 45980
A171: STK4170 | B171: SKU-10532 | C171: Skin Stapler 35W | D171: Surgical | E171: Apex Surgical Co. | F171: Each | G171: 14.27 | H171: Bluestone Memorial Hospital | I171: Perioperative Services | J171: 129 | K171: 111 | L171: 43 | M171: 68 | N171: 3 | O171: 46020
A172: STK4171 | B172: SKU-10532 | C172: Skin Stapler 35W | D172: Surgical | E172: Apex Surgical Co. | F172: Each | G172: 14.27 | H172: Ashby Falls Community Hospital | I172: Emergency Department | J172: 355 | K172: 335 | L172: 93 | M172: 242 | N172: 5 | O172: 46005
A173: STK4172 | B173: SKU-10539 | C173: Laparoscopic Trocar 5 mm | D173: Surgical | E173: Apex Surgical Co. | F173: Each | G173: 91.65 | H173: Bluestone Memorial Hospital | I173: Emergency Department | J173: 80 | K173: 128 | L173: 40 | M173: 88 | N173: 3 | O173: 45977
A174: STK4173 | B174: SKU-10539 | C174: Laparoscopic Trocar 5 mm | D174: Surgical | E174: Apex Surgical Co. | F174: Each | G174: 91.65 | H174: Ashby Falls Community Hospital | I174: Emergency Department | J174: 129 | K174: 120 | L174: 47 | M174: 73 | N174: 10 | O174: 45996
A175: STK4174 | B175: SKU-10539 | C175: Laparoscopic Trocar 5 mm | D175: Surgical | E175: Apex Surgical Co. | F175: Each | G175: 91.65 | H175: Cedar Ridge Medical Center | I175: Emergency Department | J175: 79 | K175: 81 | L175: 24 | M175: 57 | N175: 7 | O175: 45983
A176: STK4175 | B176: SKU-10546 | C176: Laparoscopic Trocar 12 mm | D176: Surgical | E176: Apex Surgical Co. | F176: Each | G176: 96.71 | H176: Ashby Falls Community Hospital | I176: Emergency Department | J176: 45 | K176: 81 | L176: 26 | M176: 55 | N176: 14 | O176: 46011
... A199: STK4198 | B199: SKU-10672 | C199: Locking Plate 10-Hole | D199: Orthopedic Implants | E199: Summit Orthopedic Systems | F199: Each | G199: 592.11 | H199: Bluestone Memorial Hospital | I199: Perioperative Services | J199: 2 | K199: 21 | L199: 6 | M199: 15 | N199: 7 | O199: 46004
A200: STK4199 | B200: SKU-10679 | C200: Drug-Eluting Stent 2.5 x 18 mm | D200: Cardiac | E200: Pinnacle Biomedical | F200: Each | G200: 1392.43 | H200: Bluestone Memorial Hospital | I200: Intensive Care Unit | J200: 18 | K200: 15 | L200: 6 | M200: 9 | N200: 5 | O200: 46014 | P200: 46393 | Q200: L597164
A201: STK4200 | B201: SKU-10686 | C201: Drug-Eluting Stent 3.0 x 18 mm | D201: Cardiac | E201: Pinnacle Biomedical | F201: Each | G201: 1484.05 | H201: Bluestone Memorial Hospital | I201: Cardiac Step-Down | J201: 7 | K201: 9 | L201: 3 | M201: 6 | N201: 3 | O201: 45987 | P201: 46324 | Q201: L863579
A202: STK4201 | B202: SKU-10686 | C202: Drug-Eluting Stent 3.0 x 18 mm | D202: Cardiac | E202: Pinnacle Biomedical | F202: Each | G202: 1484.05 | H202: Bluestone Memorial Hospital | I202: Intensive Care Unit | J202: 17 | K202: 13 | L202: 5 | M202: 8 | N202: 2 | O202: 46013 | P202: 46070 | Q202: L717064
A203: STK4202 | B203: SKU-10686 | C203: Drug-Eluting Stent 3.0 x 18 mm | D203: Cardiac | E203: Pinnacle Biomedical | F203: Each | G203: 1484.05 | H203: Bluestone Memorial Hospital | I203: Perioperative Services | J203: 6 | K203: 11 | L203: 4 | M203: 7 | N203: 10 | O203: 46006 | P203: 46918 | Q203: L696204
A204: STK4203 | B204: SKU-10693 | C204: Drug-Eluting Stent 3.5 x 23 mm | D204: Cardiac | E204: Pinnacle Biomedical | F204: Each | G204: 1458.48 | H204: Bluestone Memorial Hospital | I204: Emergency Department | J204: 4 | K204: 10 | L204: 3 | M204: 7 | N204: 3 | O204: 45995 | P204: 46732 | Q204: L673777
...

Sheet Settings
A1: Setting | B1: Value | C1: Notes
A2: ReportDate | B2: 46022 | C2: The 'as of' date of this inventory snapshot. Use it instead of TODAY() so answers never change.
A3: ExpiringWindowDays | B3: 90 | C3: Perishable stock expiring within this many days after ReportDate gets flagged for use-first.
A5: Task 9 names B2 and B3 after the labels in column A (Formulas → Create from Selection).
A6: Task 12 and the bonus add named constants (CycleCountDays, DiscountMin, DiscountPct) with Formulas → Define Name.
A7: Named constants live only in Name Manager, so you won't see them on this sheet.

Sheet Bonus
A1: Lesson 3.1 · Bonus: This week's reorder report
A2: Every Monday, Bluestone's purchasing team turns the inventory snapshot into purchase orders. Each stock row at or below its reorder point gets an order for its standard ReorderQty, and all the lines for one vendor go on a single purchase order. Build the report with Tables and names, so next week it updates itself when the new snapshot is pasted in. Finish practice tasks 1–12 first, because this uses tblInventory, NeedsReorder, and the names.
A3: Type a formula or value in each yellow cell. For B1, fill the OrderCost column on the Inventory sheet instead, and the gray cell here reads it. B2 also builds the tblVendors Table on the Vendors sheet. The Check column turns green when your answer matches. Stuck? Read the hint, then the lesson guide. Answers: right-click a sheet tab → Unhide… → 'Bonus Key'.
A4: ="Score: "&COUNTIF(E6:E9,"✔*")&" of 4 auto-checked tasks correct"
A5: # | B5: Task | C5: Hint | D5: Your Answer | E5: Check
A6: B1 | B6: Add a new column to tblInventory by typing OrderCost in cell T1, just right of the NeedsReorder header. The Table expands to include it. Make it a calculated column that returns ReorderQty × UnitCost for rows where NeedsReorder is TRUE, and 0 for every other row. The gray cell totals the column: what's the total cost of this week's orders? | C6: IF's test can be the TRUE/FALSE value in [@NeedsReorder] itself, with no comparison needed | D6: {=IF(COUNT(Inventory!$T$2:$T$258)=0,"",SUM(Inventory!$T$2:$T$258))} | E6: =IF(IFERROR(D6="",FALSE),"",IF(IFERROR(AND(ISNUMBER(D6),OR(ABS(D6-'Bonus Key'!$C$5)<=0.0051)),FALSE),"✔ Correct","✘ Not yet"))
A7: B2 | B7: On the Vendors sheet, convert the vendor list to a Table named tblVendors. Fill its yellow ReorderCost column with a calculated column that adds up tblInventory[OrderCost] for that row's vendor. Which vendor gets the largest purchase order? (Type the vendor's name, or return it with a formula.) | C7: In tblVendors, SUMIFS can add up another Table's column, with [@Vendor] as the criterion | E7: =IF(IFERROR(D7="",FALSE),"",IF(IFERROR(OR(LOWER(TRIM(D7&""))=LOWER(TRIM('Bonus Key'!$C$6&""))),FALSE),"✔ Correct","✘ Not yet"))
A8: B3 | B8: What's the value of that vendor's purchase order, to the cent? | C8: The largest value in tblVendors[ReorderCost] | E8: =IF(IFERROR(D8="",FALSE),"",IF(IFERROR(AND(ISNUMBER(D8),OR(ABS(D8-'Bonus Key'!$C$7)<=0.0051)),FALSE),"✔ Correct","✘ Not yet"))
A9: B4 | B9: The group purchasing contract gives a 2% discount on any single vendor order of $20,000 or more. Define two named constants, DiscountMin (=20000) and DiscountPct (=0.02), then calculate the total discount on this week's orders, to the cent. | C9: SUMIFS can use the same column as the sum range and the criteria range | E9: =IF(IFERROR(D9="",FALSE),"",IF(IFERROR(AND(ISNUMBER(D9),OR(ABS(D9-'Bonus Key'!$C$8)<=0.0051)),FALSE),"✔ Correct","✘ Not yet"))

Sheet Vendors
A1: Vendor | B1: AccountNo | C1: ReorderCost
A2: Apex Surgical Co. | B2: BHS-V1001
A3: CareLine Distributors | B3: BHS-V1002
A4: Harbor Health Products | B4: BHS-V1003
A5: Keystone Lab Solutions | B5: BHS-V1004
A6: Northstar Medical Supply | B6: BHS-V1005
A7: Pinnacle Biomedical | B7: BHS-V1006
A8: Summit Orthopedic Systems | B8: BHS-V1007
A10: Bonus: convert this list to a Table named tblVendors, then fill ReorderCost with a calculated column.

Sheet Answer Key
A1: 🔑 Answer Key — Lesson 3.1
A2: Spoiler alert: try every task before reading this sheet. Column C is the value the Check column compares against. Column D is a sample solution, and column E recalculates a formula for it live, proving the answer.
A4: # | B4: Task | C4: Answer | D4: Sample solution | E4: Live result | F4: Explanation
A5: 1 | B5: On the Inventory sheet, click any cell in the data and convert the range to an Excel Table with Ctrl + T (Mac: Control + T). Then rename the Table tblInventory in the Table Name box on the Table Design tab (Mac: Table tab). The gray cell finds a Table with that exact name and counts its data rows. It stays blank until the Table exists. | C5: 257 | D5: 1. Click any cell inside the data, for example A2. 2. Press Ctrl + T (Mac: Control + T), or choose Insert → Table. 3. Check that the range shows $A$1:$S$258 and that My table has headers is ticked, then click OK. 4. On the Table Design tab (Mac: Table tab), click in the Table Name box at the far left, type tblInventory, and press Enter. | E5: {=COUNTA(Inventory!$A$2:$A$258)} | F5: Ctrl + T selects the whole block of connected cells around the active cell, so you don't need to select the data first. Excel names new Tables Table1, Table2, and so on. Renaming the Table is what makes formulas readable: tblInventory[UnitCost] tells the next reader what the formula uses, while Table1[UnitCost] doesn't. The gray cell uses INDIRECT("tblInventory"), which looks the Table up by name and returns its data rows (headers and Total Row excluded).
A6: 2 | B6: How many stock rows are completely out of stock (QtyOnHand = 0)? Use a structured reference to the QtyOnHand column instead of a cell range. | C6: 9 | D6: =COUNTIF(tblInventory[QtyOnHand],0) | E6: {=COUNTIF(Inventory!$J$2:$J$258,0)} | F6: tblInventory[QtyOnHand] means "every data cell in the QtyOnHand column." It excludes the header and the Total Row, and it grows when rows are added. After you type tblInventory[, Excel lists the columns. Pick one with the arrow keys and press Tab. These rows are stockouts: a nurse who reaches for the item finds an empty bin.
A7: 3 | B7: Fill the yellow ExtendedValue column (column R) with a calculated column: each row's QtyOnHand × UnitCost. Type the formula once in R2 and press Enter, and the Table fills every row. The gray cell totals the column: what's the value of all stock on hand across the system? | C7: 1011928.9 | D7: =[@QtyOnHand]*[@UnitCost] | E7: {=SUMPRODUCT(Inventory!$J$2:$J$258,Inventory!$G$2:$G$258)} | F7: When you enter a formula in an empty Table column, Excel copies it to every row of that column. That's a calculated column. [@QtyOnHand] means "QtyOnHand in this row," so the formula reads the same on all 257 rows and says what it multiplies. The A1 version, =J2*G2, changes on every row and tells the next reader nothing about the columns it uses.
A8: 4 | B8: What share of the system's total inventory value (ExtendedValue) is Orthopedic Implants stock? Divide the category's value by the total of all rows and enter it as a percentage, to 1 decimal place. | C8: 0.14008124 | D8: =SUMIFS(tblInventory[ExtendedValue],tblInventory[Category],"Orthopedic Implants")/SUM(tblInventory[ExtendedValue]) | E8: {=SUMPRODUCT((Inventory!$D$2:$D$258="Orthopedic Implants")*Inventory!$J$2:$J$258*Inventory!$G$2:$G$258)/SUMPRODUCT(Inventory!$J$2:$J$258,Inventory!$G$2:$G$258)} | F8: Every argument in SUMIFS is a whole Table column, so the ranges are automatically the same size, which SUMIFS requires. Only 15 of the 257 rows are implants, yet they hold 14% of the value on the shelves. High-cost, low-volume items like these are the ones a supply chain team counts most carefully.
A9: 5 | B9: Fill the yellow NeedsReorder column (column S) with a calculated column that returns TRUE when QtyOnHand is at or below ReorderPoint, and FALSE otherwise. The gray cell counts the TRUE rows: how many stock rows need reordering? | C9: 41 | D9: =[@QtyOnHand]<=[@ReorderPoint] | E9: {=SUMPRODUCT(--(Inventory!$J$2:$J$258<=Inventory!$L$2:$L$258))} | F9: A comparison such as [@QtyOnHand]<=[@ReorderPoint] evaluates to TRUE or FALSE by itself (Lesson 2.1). Storing the result as a column turns a row-by-row test into something you can filter, count with COUNTIF(tblInventory[NeedsReorder],TRUE), and reuse in other formulas, as the bonus does. Use "at or below" (<=): an item sitting exactly at its reorder point is due.
A10: 6 | B10: Turn on the Table's Total Row and set the LeadTimeDays total to Average. Then, in the yellow cell, type = and click that Total Row cell, so Excel writes a [#Totals] reference. What's the average vendor lead time in days, to 2 decimal places? | C10: 5.3501946 | D10: =tblInventory[[#Totals],[LeadTimeDays]] | E10: {=AVERAGE(Inventory!$N$2:$N$258)} | F10: The Total Row's drop-down list writes =SUBTOTAL(101,[LeadTimeDays]). Function number 101 means AVERAGE of the visible rows only, ignoring rows hidden by a filter or hidden by hand (109 = SUM, 103 = COUNTA, 104 = MAX). tblInventory[[#Totals],[LeadTimeDays]] points at that total cell by name, so it still works if rows are added. If you turn the Total Row off, the reference returns #REF!.
A11: 7 | B11: With the Total Row still on, what does =ROWS(tblInventory[#All]) return? Predict it first, then type the formula to check. | C11: 259 | D11: =ROWS(tblInventory[#All]) | E11: — | F11: ROWS counts the rows a reference covers. [#All] covers the header row, the 257 data rows, and the Total Row: 1 + 257 + 1 = 259. tblInventory[#Data] (or just tblInventory) is the 257 data rows, [#Headers] is the header row alone, and [#Totals] is the Total Row alone.
A12: 8 | B12: Insert slicers for Facility and Category (Table Design → Insert Slicer; Mac: Table → Insert Slicer). Select Cedar Ridge Medical Center in the Facility slicer and Surgical in the Category slicer. Set the Total Row's ExtendedValue cell to Sum. What value does it show? Type the number, then clear both slicers, because while they filter the Table the Total Row (and task 6) only summarizes the visible rows. | C12: 47775.51 | D12: 1. Click inside the Table, then Table Design → Insert Slicer (Mac: Table → Insert Slicer). Tick Facility and Category and click OK. 2. In the Facility slicer click Cedar Ridge Medical Center. In the Category slicer click Surgical. The Table now shows 6 rows. 3. In the Total Row, click the ExtendedValue cell, open its drop-down list, and choose Sum. 4. Read the total and type it in the answer cell: 47,775.51. 5. Click the Clear Filter button (funnel with a red X) at the top right of each slicer. | E12: {=SUMPRODUCT((Inventory!$H$2:$H$258="Cedar Ridge Medical Center")*(Inventory!$D$2:$D$258="Surgical")*Inventory!$J$2:$J$258*Inventory!$G$2:$G$258)} | F12: Slicers are buttons that apply the Table's AutoFilter for you. Choices in different slicers combine with AND, so only rows that match both stay visible. The Total Row uses SUBTOTAL(109,…), which adds only the visible rows. That's why it changes as you click. You can check the number without slicers using =SUMIFS(tblInventory[ExtendedValue],tblInventory[Facility],"Cedar Ridge Medical Center",tblInventory[Category],"Surgical").
A13: 9 | B13: On the Settings sheet, select A2:B3 and use Formulas → Create from Selection (tick only Left column) to name cell B2 ReportDate and cell B3 ExpiringWindowDays. The gray cell looks up both names and adds them: what date does it show? | C13: 46112 | D13: 1. Go to the Settings sheet and select A2:B3 (labels and values together). 2. Choose Formulas → Create from Selection (Windows shortcut: Ctrl + Shift + F3). 3. Tick Left column only, untick Top row, and click OK. 4. Check the result: click B2 and the Name Box shows ReportDate. Open Formulas → Name Manager to see both names and what they refer to. | E13: {=Settings!$B$2+Settings!$B$3} | F13: Create from Selection turns each label in the left column into a name for the cell to its right: ReportDate → =Settings!$B$2 and ExpiringWindowDays → =Settings!$B$3. Names are absolute references, so they never shift when you copy a formula. 12/31/2025 + 90 days = 03/31/2026, because dates are day counts (Lesson 2.3). If the gray cell stays blank, check the spelling of each name in Name Manager.
A14: 10 | B14: How many stock rows expire inside the expiry window? Count rows whose ExpirationDate is later than ReportDate and no later than ReportDate + ExpiringWindowDays. Use the two names in a COUNTIFS (rows with no ExpirationDate don't count). | C14: 7 | D14: =COUNTIFS(tblInventory[ExpirationDate],">"&ReportDate,tblInventory[ExpirationDate],"<="&ReportDate+ExpiringWindowDays) | E14: {=COUNTIFS(Inventory!$P$2:$P$258,">"&Settings!$B$2,Inventory!$P$2:$P$258,"<="&Settings!$B$2+Settings!$B$3)} | F14: Criteria are text, so join the operator to the name with &, exactly as you would with a cell reference (Lesson 2.5). Blank ExpirationDate cells never match a date criterion, so non-perishables drop out automatically. The formula reads like the policy, and when the next snapshot arrives you only change the date in Settings!B2.
A15: 11 | B15: Expired stock must be pulled from the shelves and written off. What's the total ExtendedValue of rows whose ExpirationDate is before ReportDate? Enter it to the cent. | C15: 17115.69 | D15: =SUMIFS(tblInventory[ExtendedValue],tblInventory[ExpirationDate],"<"&ReportDate) | E15: {=SUMPRODUCT((Inventory!$P$2:$P$258<Settings!$B$2)*(Inventory!$P$2:$P$258<>"")*Inventory!$J$2:$J$258*Inventory!$G$2:$G$258)} | F15: In this snapshot, 10 rows are past their expiration date. That's a patient-safety issue as well as a cost: surveyors such as The Joint Commission look for expired supplies in clinical areas. The live formula in the key guards against blanks with <>"", but SUMIFS doesn't need that guard, because an empty cell never matches "<"&ReportDate.
A16: 12 | B16: Policy says every stock row must be cycle-counted at least every 30 days. Create a named constant CycleCountDays that refers to =30 with Formulas → Define Name. It doesn't live in any cell. How many rows are overdue, meaning ReportDate − LastCountDate is greater than CycleCountDays? | C16: 78 | D16: =COUNTIF(tblInventory[LastCountDate],"<"&ReportDate-CycleCountDays) | E16: {=COUNTIF(Inventory!$O$2:$O$258,"<"&Settings!$B$2-30)} | F16: In the New Name dialog, type CycleCountDays as the Name and =30 in Refers to. ReportDate − CycleCountDays is 12/01/2025, so any row last counted before that date is more than 30 days old. A named constant suits a policy value that shouldn't be typed over by accident. A named cell, like ReportDate, suits an input that people change often.

Sheet Bonus Key
A1: 🔑 Bonus Key — Lesson 3.1
A2: Spoiler alert: try every task before reading this sheet. Column C is the value the Check column compares against. Column D is a sample solution, and column E recalculates a formula for it live, proving the answer.
A4: # | B4: Task | C4: Answer | D4: Sample solution | E4: Live result | F4: Explanation
A5: B1 | B5: Add a new column to tblInventory by typing OrderCost in cell T1, just right of the NeedsReorder header. The Table expands to include it. Make it a calculated column that returns ReorderQty × UnitCost for rows where NeedsReorder is TRUE, and 0 for every other row. The gray cell totals the column: what's the total cost of this week's orders? | C5: 173950.91 | D5: =IF([@NeedsReorder],[@ReorderQty]*[@UnitCost],0) | E5: {=SUMPRODUCT((Inventory!$J$2:$J$258<=Inventory!$L$2:$L$258)*Inventory!$M$2:$M$258*Inventory!$G$2:$G$258)} | F5: Typing in the first empty column next to a Table adds a column to it (Excel's AutoExpansion). IF([@NeedsReorder],…) reuses the calculated column you built in task 5 instead of repeating the comparison. The 41 rows that need an order return their cost and the rest return 0, so the column total is the cost of the whole report.
A6: B2 | B6: On the Vendors sheet, convert the vendor list to a Table named tblVendors. Fill its yellow ReorderCost column with a calculated column that adds up tblInventory[OrderCost] for that row's vendor. Which vendor gets the largest purchase order? (Type the vendor's name, or return it with a formula.) | C6: Summit Orthopedic Systems | D6: =INDEX(tblVendors[Vendor],MATCH(MAX(tblVendors[ReorderCost]),tblVendors[ReorderCost],0)) | E6: — | F6: The calculated column in tblVendors is =SUMIFS(tblInventory[OrderCost],tblInventory[Vendor],[@Vendor]). It mixes whole columns from another Table with [@Vendor] from this row, which is how Tables talk to each other. INDEX/MATCH (Lesson 2.6) then returns the vendor on the row with the largest total. =XLOOKUP(MAX(tblVendors[ReorderCost]),tblVendors[ReorderCost],tblVendors[Vendor]) also works in Microsoft 365 and Excel 2021 or later. All four reorder lines for Summit Orthopedic Systems are orthopedic implants, and three of them cost more than $2,000 per unit, so a handful of lines makes the largest order.
A7: B3 | B7: What's the value of that vendor's purchase order, to the cent? | C7: 62855.33 | D7: =MAX(tblVendors[ReorderCost]) | E7: {=SUMPRODUCT((Inventory!$E$2:$E$258="Summit Orthopedic Systems")*(Inventory!$J$2:$J$258<=Inventory!$L$2:$L$258)*Inventory!$M$2:$M$258*Inventory!$G$2:$G$258)} | F7: MAX scans the ReorderCost column of tblVendors, so it returns the largest vendor total, the same row that INDEX/MATCH found in B2. That's 36% of the week's spend on a single purchase order. In practice, a buyer would confirm implant orders with the OR schedule before sending them.
A8: B4 | B8: The group purchasing contract gives a 2% discount on any single vendor order of $20,000 or more. Define two named constants, DiscountMin (=20000) and DiscountPct (=0.02), then calculate the total discount on this week's orders, to the cent. | C8: 2431.66 | D8: =SUMIFS(tblVendors[ReorderCost],tblVendors[ReorderCost],">="&DiscountMin)*DiscountPct | E8: — | F8: The criteria range and the sum range are the same column, so SUMIFS adds only the vendor totals that pass the test against DiscountMin. Orders from 3 vendors reach $20,000. Together they total $121,583.18, and 2% of that is the discount. With the thresholds in named constants, Purchasing can test a new contract (say 3% at $15,000) by editing two names in Name Manager, and every formula that uses them updates.
