Workbook

Sheet Start Here
B2: Lesson 1.2
B3: Data Entry, AutoFill & Editing
B4: Beginner · about 40 minutes · Bluestone Health System (fictional)
B6: What you'll learn
B7: • | C7: Recognize how Excel stores text, numbers, dates, times, and TRUE/FALSE
B8: • | C8: Enter and edit data efficiently (F2, Ctrl+Enter, Ctrl+D, Alt+Enter)
B9: • | C9: Create series with AutoFill, the Fill Series dialog, and Flash Fill
B10: • | C10: Use Copy, Paste Special (values, transpose, formats), and Find & Replace
B11: • | C11: Avoid classic traps: lost leading zeros, numbers stored as text, accidental dates
B13: How to use this workbook
B14: 1. Read the guide | C14: The lesson guide (README) explains each skill with examples: https://github.com/lmansf/learn-excel/tree/main/01-foundations/02-data-entry-autofill
B15: 2. Practice | C15: Go to the 'Practice' sheet. Type a formula or value into each yellow cell.
B16: 3. Check yourself | C16: The Check column shows ✔ Correct (green) or ✘ Not yet (red).
B17: 4. Bonus | C17: Finished? Try the harder 'Bonus' sheet.
B18: 5. Answers | C18: The 'Answer Key' and 'Bonus Key' sheets are hidden. Right-click any sheet tab → Unhide… → pick one → OK. (Try first!)
B19: Note | C19: Where to work: Entries (tasks 1–2), the Practice sheet itself (3–4), Schedule (5–6, 9, 13), Beds (7), Q15 Log (8), Admissions (10), Supplies and Order (11), Roster (12), and Clinic Grid (bonus).
B21: Color legend
B22: Yellow cell | C22: Your answer goes here.
B23: Gray cell | C23: Pre-filled summary formula. It reads the work you did on another sheet, so don't type over it.
B24: ✔ Correct | C24: Your answer matches the key.
B25: ✘ Not yet | C25: Not matching yet. Check the hint and try again.
B27: Sheets in this workbook
B28: Supplies | C28: Data: 14 rows, in the Excel Table 'tblSupplies'
B29: Admissions | C29: Data: 24 rows, in the Excel Table 'tblAdmissions'
B30: About the data | C30: A December 2025 rotating-RN schedule for Medical-Surgical 4 West, a registration record, a Q15 observation form, 4 West's bed list, supply room, and December admissions, plus a January 2026 clinic template for the bonus.
B31: Disclaimer | C31: All people, places, and numbers are synthetic and fictional. Not clinical guidance.

Sheet Practice
A1: Lesson 1.2 · Practice
A2: Most tasks are done on the other sheets (Entries, Schedule, Beds, Q15 Log, Admissions, Supplies, Order, Roster). Type in the yellow cells here. A gray cell is a pre-filled formula that reads your work on another sheet, and its Check turns green when that work is right. Do the tasks in order, because the Schedule tasks build on each other.
A3: Type a formula or value in each yellow cell. The Check column turns green when your answer matches. Stuck? Read the hint, then the lesson guide. Answers: right-click a sheet tab → Unhide… → 'Answer Key'.
A4: ="Score: "&COUNTIF(E6:E18,"✔*")&" of 13 auto-checked tasks correct"
A5: # | B5: Task | C5: Hint | D5: Your Answer | E5: Check
A6: 1 | B6: On the Entries sheet, select the Entry column (B4:B15). How many of those 12 entries did Excel store as numbers? Dates and times count as numbers. Read the status bar (right-click it to turn on Numerical Count) or use the alignment clue. | C6: By default, numbers line up on the right of a cell and text on the left | E6: =IF(IFERROR(D6="",FALSE),"",IF(IFERROR(AND(ISNUMBER(D6),OR(ABS(D6-'Answer Key'!$C$5)<=0.0001)),FALSE),"✔ Correct","✘ Not yet"))
A7: 2 | B7: Entries!B7 shows the ED arrival as a date and time. What number does Excel actually store in that cell? Switch the cell to General format to see it, then type that number in the yellow cell, rounded to 2 decimal places. | C7: The whole part counts days and the decimal part is the time of day | E7: =IF(IFERROR(D7="",FALSE),"",IF(IFERROR(AND(ISNUMBER(D7),OR(ABS(D7-'Answer Key'!$C$6)<=0.0051)),FALSE),"✔ Correct","✘ Not yet"))
A8: 3 | B8: The MRN on the Entries sheet lost its leading zeros. In the yellow cell, enter the patient's real 8-digit MRN, 00393694, so that Excel keeps it as text with both zeros. | C8: Start the entry with an apostrophe | E8: =IF(IFERROR(D8="",FALSE),"",IF(IFERROR(OR(LOWER(TRIM(D8&""))=LOWER(TRIM('Answer Key'!$C$7&""))),FALSE),"✔ Correct","✘ Not yet"))
A9: 4 | B9: Type this two-line handoff note into the yellow cell, with "Allergy: Penicillin" on the first line and "Isolation: Contact" on the second line of the same cell. | C9: Enter on its own leaves the cell, so you need a different key combination | E9: =IF(IFERROR(D9="",FALSE),"",IF(IFERROR(SUBSTITUTE(LOWER(D9&"")," ","")=SUBSTITUTE(LOWER('Answer Key'!$C$8&"")," ",""),FALSE),"✔ Correct","✘ Not yet"))
A10: 5 | B10: On the Schedule sheet, A5 holds 12/01/2025. Use the fill handle to fill the yellow cells A6:A35 with the rest of December, one day per row. The gray cell shows your last date. | C10: Drag the fill handle. A single date counts up one day at a time | D10: {=IF(COUNT(Schedule!A6:A35)=0,"",Schedule!A35)} | E10: =IF(IFERROR(D10="",FALSE),"",IF(IFERROR(AND(ISNUMBER(D10),INT(D10)=INT('Answer Key'!$C$9)),FALSE),"✔ Correct","✘ Not yet"))
A11: 6 | B11: On the Schedule sheet, B5 holds "Mon". Fill the weekday names down to B35 by double-clicking the fill handle instead of dragging. The gray cell shows the day name in B35. | C11: Finish task 5 first: double-click fills as far as the neighboring column goes | D11: {=IF(COUNTA(Schedule!B6:B35)=0,"",Schedule!B35)} | E11: =IF(IFERROR(D11="",FALSE),"",IF(IFERROR(OR(LOWER(TRIM(D11&""))=LOWER(TRIM('Answer Key'!$C$10&"")),LOWER(TRIM(D11&""))="wednesday"),FALSE),"✔ Correct","✘ Not yet"))
A12: 7 | B12: On the Beds sheet, A4 holds the first bed label, 4W-01. Fill the yellow cells below it so the list runs through all 36 of 4 West's staffed beds. The gray cell shows the label in the last row (A39). | C12: AutoFill increases the number at the end of a text entry | D12: {=IF(COUNTA(Beds!A5:A39)=0,"",Beds!A39)} | E12: =IF(IFERROR(D12="",FALSE),"",IF(IFERROR(OR(LOWER(TRIM(D12&""))=LOWER(TRIM('Answer Key'!$C$11&""))),FALSE),"✔ Correct","✘ Not yet"))
A13: 8 | B13: On the Q15 Log sheet, A4 holds 07:00. Fill the yellow cells below it with a check time every 15 minutes, ending at 18:45. Use Home → Fill → Series, or the two-cell AutoFill pattern. The gray cell shows the latest time in column A. | C13: Step value 0:15, with the Stop value a few minutes past the last time | D13: {=IF(COUNT('Q15 Log'!A5:A71)=0,"",MAX('Q15 Log'!A4:A71))} | E13: =IF(IFERROR(D13="",FALSE),"",IF(IFERROR(AND(ISNUMBER(D13),ABS(D13-'Answer Key'!$C$12)<=0.0006944454444444445),FALSE),"✔ Correct","✘ Not yet"))
A14: 9 | B14: 4 West gets one float-pool RN on every Saturday and Sunday. In the Weekend float column (O) of the Schedule sheet, put FLOAT in every weekend row and nowhere else, using a single entry: Ctrl+click (Mac: ⌘+click) the weekend cells, type FLOAT, and press Ctrl+Enter (Mac: ⌘+Return). The gray cell counts correctly placed FLOATs minus any entries on weekdays. | C14: Finish tasks 5–6 first so you can see which rows are weekends | D14: {=IF(COUNTA(Schedule!O5:O35)=0,"",SUMPRODUCT((Schedule!O5:O35="FLOAT")*(Schedule!A5:A35<>"")*(WEEKDAY(Schedule!A5:A35,2)>5))-SUMPRODUCT((Schedule!O5:O35<>"")*(1-(Schedule!A5:A35<>"")*(WEEKDAY(Schedule!A5:A35,2)>5))))} | E14: =IF(IFERROR(D14="",FALSE),"",IF(IFERROR(AND(ISNUMBER(D14),OR(ABS(D14-'Answer Key'!$C$13)<=0.0001)),FALSE),"✔ Correct","✘ Not yet"))
A15: 10 | B15: On the Admissions sheet, use Flash Fill to fill the yellow WhiteboardName column with each patient's first name and last initial, such as "Russell Y." for "Yilmaz, Russell". The gray cell counts how many of the 24 labels are exactly right. | C15: Type an example that can only mean one thing, then press Ctrl + E (Mac: Data → Flash Fill) | D15: {=IF(COUNTA(Admissions!D2:D25)=0,"",SUMPRODUCT(--(Admissions!D2:D25=MID(Admissions!C2:C25,FIND(",",Admissions!C2:C25)+2,50)&" "&LEFT(Admissions!C2:C25,1)&".")))} | E15: =IF(IFERROR(D15="",FALSE),"",IF(IFERROR(AND(ISNUMBER(D15),OR(ABS(D15-'Answer Key'!$C$14)<=0.0001)),FALSE),"✔ Correct","✘ Not yet"))
A16: 11 | B16: The buyer needs 4 West's suggested restock quantities on the Order sheet as plain numbers. Copy Supplies!H4:H17 (SuggestedOrder) and paste only the values into the yellow cells Order!D4:D17. The gray cell totals your Order Qty column. | C16: A normal paste brings the formulas, and their references move | D16: {=IF(COUNTA(Order!D4:D17)=0,"",SUM(Order!D4:D17))} | E16: =IF(IFERROR(D16="",FALSE),"",IF(IFERROR(AND(ISNUMBER(D16),OR(ABS(D16-'Answer Key'!$C$15)<=0.0001)),FALSE),"✔ Correct","✘ Not yet"))
A17: 12 | B17: Most people read schedules with staff down the side and dates across the top. Copy Schedule!A4:N35 and use Paste Special → Transpose with the top-left corner in Roster!A3. The gray cell checks that Jean Herrera landed in column A, then counts that nurse's December shifts. | C17: It's a checkbox in the Paste Special dialog | D17: {=IF(COUNTA(Roster!A3:AH21)=0,"",IF(Roster!A11="Jean Herrera",COUNTA(Roster!B11:AF11),"Not transposed into A3 yet"))} | E17: =IF(IFERROR(D17="",FALSE),"",IF(IFERROR(AND(ISNUMBER(D17),OR(ABS(D17-'Answer Key'!$C$16)<=0.0001)),FALSE),"✔ Correct","✘ Not yet"))
A18: 13 | B18: The new scheduling system uses N12 instead of N for a 12-hour night shift. On the Schedule sheet, use Find & Replace to change every N code to N12 without touching any names or day labels. The gray cell counts N12 codes in the grid (C5:N35) and warns you if a name or day label changed too. | C18: Look under Options >> before you click Replace All | D18: {=IF(COUNTIF(Schedule!C5:N35,"N12")=0,"",IF(COUNTIF(Schedule!A4:O4,"*N12*")+COUNTIF(Schedule!B5:B35,"*N12*")>0,"Undo: names or days changed too",COUNTIF(Schedule!C5:N35,"N12")))} | E18: =IF(IFERROR(D18="",FALSE),"",IF(IFERROR(AND(ISNUMBER(D18),OR(ABS(D18-'Answer Key'!$C$17)<=0.0001)),FALSE),"✔ Correct","✘ Not yet"))

Sheet Entries
A1: Registration entries · Kennedy, Linda · ED visit 12/14/2025
A2: A registration clerk entered these values. Column C says exactly what was typed. Compare it with what Excel stored in column B.
A3: Field | B3: Entry | C3: What the clerk typed or did
A4: Patient name | B4: Kennedy, Linda | C4: Typed it
A5: MRN | B5: 393694 | C5: Typed 00393694
A6: Date of birth | B6: 26134 | C6: Typed 7/20/1971
A7: ED arrival | B7: 46005.961 | C7: Typed 12/14/2025 23:04
A8: ED pod-bed | B8: 45728 | C8: Typed 3-12 (pod 3, bed 12)
A9: Temperature (°F) | B9: 97.7 | C9: Typed 97.7
A10: Weight (lb) | B10: 251.5 | C10: Pasted from the bedside scale's export file
A11: Isolation needed | B11: TRUE | C11: Typed true
A12: Allergies | B12: Penicillin | C12: Typed it
A13: Insurance member ID | B13: 4.4102874e+15 | C13: Typed the 16-digit ID 4410287366519087
A14: Copay | B14: 25 | C14: Typed $25
A15: Pain score (0–10) | B15: 0 | C15: Typed it

Sheet Schedule
A1: 4 West (Medical-Surgical) · Rotating RN schedule · December 2025
A2: Codes: D = Day 12h (07:00–19:30) · N = Night 12h (19:00–07:30) · blank = off. Yellow cells are yours to fill.
A4: Date | B4: Day | C4: Abigail Castro | D4: Randy Castro | E4: Mia Duncan | F4: Ashley Gordon | G4: Natalie Hayes | H4: Andrea Henry | I4: Jean Herrera | J4: Sarah Moore | K4: Frances Parker | L4: Jennifer Patterson | M4: Wei Payne | N4: Nicole Price | O4: Weekend float
A5: 45992 | B5: Mon | H5: N | I5: N | K5: D | M5: D | N5: D
C6: D | D6: N | E6: N | F6: N | G6: N | H6: N | L6: D | N6: D
C7: D | I7: D | K7: N | M7: D
D8: N | F8: D | N8: N
E9: N | L9: D
D10: N | K10: D
C11: N | F11: D | I11: N | L11: N
C12: N | F12: N | G12: D | K12: D
C13: N | D13: D | E13: N | H13: D | I13: D | N13: N
I14: D | L14: N | M14: D | N14: D
C15: N | E15: N | K15: N | L15: N
D16: D | I16: N | N16: D
D17: D | F17: N | H17: N | I17: D | L17: D | M17: D
F18: N | H18: D | K18: N
F19: D | K19: N
D20: N | L20: D | M20: N | N20: D
H21: N | I21: D
L22: D
C23: D | E23: D | F23: N | H23: D | I23: D | K23: D | L23: D | N23: N
C24: N | D24: N | F24: D | K24: D | M24: D | N24: D
C25: N | D25: N | E25: D | G25: D | I25: N | M25: D
C26: N | F26: N | H26: D | I26: N | L26: N | N26: D
L27: N | M27: N | N27: N
C28: D | D28: D | E28: D | I28: N | K28: N | L28: D
C29: D | D29: N | H29: N | I29: D | K29: D | L29: D
E30: D | F30: D
C31: D | F31: D | J31: N | N31: D
D32: D | J32: N | K32: N | M32: D
E33: N | F33: N | I33: D | L33: N | N33: N
E34: D | H34: D | N34: N
C35: N | F35: D | L35: D | N35: D

Sheet Beds
A1: 4 West · bed list (36 staffed beds, two per room)
A2: Fill the yellow Bed column from 4W-01 down to the last bed.
A3: Bed | B3: Room | C3: Position
A4: 4W-01 | B4: 401 | C4: Window
B5: 401 | C5: Door
B6: 402 | C6: Window
B7: 402 | C7: Door
B8: 403 | C8: Window
B9: 403 | C9: Door
B10: 404 | C10: Window
B11: 404 | C11: Door
B12: 405 | C12: Window
B13: 405 | C13: Door
B14: 406 | C14: Window
B15: 406 | C15: Door
B16: 407 | C16: Window
... B39: 418 | C39: Door

Sheet Q15 Log
A1: Behavioral Health · Q15 safety observation record · 12/16/2025 day shift
A2: Staff check on the patient every 15 minutes from 07:00 until 18:45 and record location, behavior, and initials.
A3: Time | B3: Location | C3: Behavior | D3: Staff initials
A4: 0.29166667

Sheet Admissions
A1: Admitted | B1: EncounterID | C1: PatientName | D1: WhiteboardName
A2: 45993.674 | B2: ENC120804 | C2: Richardson, Rebecca
A3: 45994.592 | B3: ENC120834 | C3: Yilmaz, Russell
A4: 45994.701 | B4: ENC120848 | C4: Nakamura, Roger
A5: 45994.932 | B5: ENC120862 | C5: Munoz, Jack
A6: 45995.149 | B6: ENC120867 | C6: Long, Alice
A7: 45996.282 | B7: ENC120910 | C7: Shaw, Eugene
A8: 45997.561 | B8: ENC120964 | C8: Soto, Paul
A9: 45997.585 | B9: ENC120963 | C9: Hunt, Karen
A10: 45997.695 | B10: ENC120973 | C10: Marshall, Charles
A11: 45997.965 | B11: ENC120977 | C11: Jenkins, Paul
A12: 45998.478 | B12: ENC120983 | C12: Castro, Benjamin
A13: 45998.481 | B13: ENC120986 | C13: Chen, Betty
... A25: 46004.637 | B25: ENC121225 | C25: Mills, Frank

Sheet Supplies
A1: 4 West supply room · restock-to-par list · 12/31/2025
A2: SuggestedOrder is a formula: =MAX(0, ParLevel − QtyOnHand). Click any cell in that column and read the formula bar.
A3: SKU | B3: ItemDescription | C3: Vendor | D3: UnitOfMeasure | E3: UnitCost | F3: QtyOnHand | G3: ParLevel | H3: SuggestedOrder
A4: SKU-10014 | B4: Nitrile Exam Gloves Medium (Box/100) | C4: Northstar Medical Supply | D4: Box | E4: 7.8 | F4: 403 | G4: 800 | H4: =MAX(0,G4-F4)
A5: SKU-10077 | B5: Shoe Covers, Non-Skid (Case/300) | C5: Keystone Lab Solutions | D5: Case | E5: 40.02 | F5: 121 | G5: 115 | H5: =MAX(0,G5-F5)
A6: SKU-10084 | B6: IV Catheter 14G x 1.16 in | C6: Pinnacle Biomedical | D6: Box | E6: 60.04 | F6: 44 | G6: 64 | H6: =MAX(0,G6-F6)
A7: SKU-10147 | B7: Saline Flush Syringe 3 mL (Box/30) | C7: Northstar Medical Supply | D7: Box | E7: 8.76 | F7: 0 | G7: 569 | H7: =MAX(0,G7-F7)
A8: SKU-10175 | B8: IV Extension Set 7 in | C8: Pinnacle Biomedical | D8: Each | E8: 2.06 | F8: 268 | G8: 800 | H8: =MAX(0,G8-F8)
A9: SKU-10224 | B9: Transparent Film Dressing 2.4x2.8 | C9: Harbor Health Products | D9: Each | E9: 0.79 | F9: 977 | G9: 800 | H9: =MAX(0,G9-F9)
A10: SKU-10287 | B10: Nasal Cannula, Pediatric | C10: Northstar Medical Supply | D10: Each | E10: 0.91 | F10: 809 | G10: 800 | H10: =MAX(0,G10-F10)
A11: SKU-10301 | B11: Non-Rebreather Mask, Adult | C11: CareLine Distributors | D11: Each | E11: 2.29 | F11: 947 | G11: 800 | H11: =MAX(0,G11-F11)
A12: SKU-10308 | B12: Non-Rebreather Mask, Pediatric | C12: Northstar Medical Supply | D12: Each | E12: 2.16 | F12: 586 | G12: 800 | H12: =MAX(0,G12-F12)
A13: SKU-10315 | B13: Nebulizer Kit with Mouthpiece | C13: CareLine Distributors | D13: Each | E13: 3.11 | F13: 1026 | G13: 800 | H13: =MAX(0,G13-F13)
A14: SKU-10350 | B14: Endotracheal Tube 6.5 mm Cuffed | C14: CareLine Distributors | D14: Each | E14: 7.47 | F14: 0 | G14: 487 | H14: =MAX(0,G14-F14)
A15: SKU-10735 | B15: Patient Gown, Standard | C15: Harbor Health Products | D15: Dozen | E15: 39.37 | F15: 171 | G15: 172 | H15: =MAX(0,G15-F15)
... A17: SKU-10840 | B17: Hand Sanitizer Foam 1000 mL | C17: Harbor Health Products | D17: Each | E17: 9.56 | F17: 303 | G17: 594 | H17: =MAX(0,G17-F17)

Sheet Order
A1: 4 West · supply requisition · 12/31/2025
A2: Order Qty must hold plain numbers (values), not formulas.
A3: SKU | B3: Item | C3: Unit | D3: Order Qty
A4: SKU-10014 | B4: Nitrile Exam Gloves Medium (Box/100) | C4: Box
A5: SKU-10077 | B5: Shoe Covers, Non-Skid (Case/300) | C5: Case
A6: SKU-10084 | B6: IV Catheter 14G x 1.16 in | C6: Box
A7: SKU-10147 | B7: Saline Flush Syringe 3 mL (Box/30) | C7: Box
A8: SKU-10175 | B8: IV Extension Set 7 in | C8: Each
A9: SKU-10224 | B9: Transparent Film Dressing 2.4x2.8 | C9: Each
A10: SKU-10287 | B10: Nasal Cannula, Pediatric | C10: Each
A11: SKU-10301 | B11: Non-Rebreather Mask, Adult | C11: Each
A12: SKU-10308 | B12: Non-Rebreather Mask, Pediatric | C12: Each
A13: SKU-10315 | B13: Nebulizer Kit with Mouthpiece | C13: Each
A14: SKU-10350 | B14: Endotracheal Tube 6.5 mm Cuffed | C14: Each
A15: SKU-10735 | B15: Patient Gown, Standard | C15: Dozen
... A17: SKU-10840 | B17: Hand Sanitizer Foam 1000 mL | C17: Each

Sheet Roster
A1: 4 West · December 2025 roster (staff down the side, dates across the top)
A2: Paste the transposed Schedule here, with its top-left corner in the yellow cell A3.

Sheet Bonus
A1: Lesson 1.2 · Bonus: Build a two-week clinic template
A2: Julie Osei, MD, at the Primary Care Clinic in the Bluestone Outpatient Pavilion, needs an appointment template for the two weeks of Monday 01/05/2026 through Friday 01/16/2026. The clinic books 15-minute slots from 08:00 to 16:45 on weekdays only. Lunch (12:00–12:45) is blocked every day, Wednesday afternoons (13:00 onward) are admin time, and Friday afternoons become video visits. Build the whole grid on the Clinic Grid sheet with AutoFill, Fill Series, Ctrl+Enter, and Find & Replace, without typing cell by cell. B3 (01/05/2026) and A4 (08:00) are filled in for you. The first four parts are checked by gray cells that read the Clinic Grid, so don't type over them. The last part has a yellow cell for your answer.
A3: Type a formula or value in each yellow cell. The Check column turns green when your answer matches. Stuck? Read the hint, then the lesson guide. Answers: right-click a sheet tab → Unhide… → 'Bonus Key'.
A4: ="Score: "&COUNTIF(E6:E10,"✔*")&" of 5 auto-checked tasks correct"
A5: # | B5: Task | C5: Hint | D5: Your Answer | E5: Check
A6: B1 | B6: Fill the date header C3:K3 with the next nine weekdays, skipping Saturdays and Sundays. The gray cell shows the date in K3. | C6: Date unit: Weekday (or Fill Weekdays) | D6: {=IF(COUNT('Clinic Grid'!C3:K3)=0,"",'Clinic Grid'!K3)} | E6: =IF(IFERROR(D6="",FALSE),"",IF(IFERROR(AND(ISNUMBER(D6),INT(D6)=INT('Bonus Key'!$C$5)),FALSE),"✔ Correct","✘ Not yet"))
A7: B2 | B7: Fill the time column A5:A39 with 15-minute slots after 08:00, ending at 16:45. The gray cell shows the latest time in column A. | C7: Same technique as the Q15 Log, with a different stop | D7: {=IF(COUNT('Clinic Grid'!A5:A59)=0,"",MAX('Clinic Grid'!A4:A59))} | E7: =IF(IFERROR(D7="",FALSE),"",IF(IFERROR(AND(ISNUMBER(D7),ABS(D7-'Bonus Key'!$C$6)<=0.0006944454444444445),FALSE),"✔ Correct","✘ Not yet"))
A8: B3 | B8: Fill the whole grid B4:K39 with Open in one entry. Then type Lunch over the 12:00–12:45 rows for every day, and Admin over both Wednesday afternoons (13:00–16:45). Use one Ctrl+Enter for each step. The gray cell counts Lunch and Admin slots in the right places, minus any in the wrong place. | C8: Holding Ctrl (Mac: ⌘) while you drag adds a second block to the selection | D8: {=IF(COUNTA('Clinic Grid'!B4:K39)=0,"",2*(COUNTIF('Clinic Grid'!B20:K23,"Lunch")+COUNTIF('Clinic Grid'!D24:D39,"Admin")+COUNTIF('Clinic Grid'!I24:I39,"Admin"))-COUNTIF('Clinic Grid'!B4:K39,"Lunch")-COUNTIF('Clinic Grid'!B4:K39,"Admin"))} | E8: =IF(IFERROR(D8="",FALSE),"",IF(IFERROR(AND(ISNUMBER(D8),OR(ABS(D8-'Bonus Key'!$C$7)<=0.0001)),FALSE),"✔ Correct","✘ Not yet"))
A9: B4 | B9: Select both Friday-afternoon blocks (13:00–16:45), then use Find & Replace to change Open to Telehealth inside that selection only. Excel reports how many replacements it made. The gray cell counts Telehealth slots in the right places, minus any in the wrong place, so the two numbers should agree. | C9: With several cells selected, Replace All stays inside the selection | D9: {=IF(COUNTA('Clinic Grid'!B4:K39)=0,"",2*(COUNTIF('Clinic Grid'!F24:F39,"Telehealth")+COUNTIF('Clinic Grid'!K24:K39,"Telehealth"))-COUNTIF('Clinic Grid'!B4:K39,"Telehealth"))} | E9: =IF(IFERROR(D9="",FALSE),"",IF(IFERROR(AND(ISNUMBER(D9),OR(ABS(D9-'Bonus Key'!$C$8)<=0.0001)),FALSE),"✔ Correct","✘ Not yet"))
A10: B5 | B10: How many slots are still Open for in-person booking? Work it out from the size of the grid and the slots you blocked or converted, then confirm it on the Clinic Grid with Find All. Type the number in the yellow cell. | C10: Total slots minus everything you blocked or converted | E10: =IF(IFERROR(D10="",FALSE),"",IF(IFERROR(AND(ISNUMBER(D10),OR(ABS(D10-'Bonus Key'!$C$9)<=0.0001)),FALSE),"✔ Correct","✘ Not yet"))

Sheet Clinic Grid
A1: Primary Care Clinic · Julie Osei, MD · appointment template, 01/05/2026 – 01/16/2026
A2: Build the grid with AutoFill, Fill Series, Ctrl+Enter, and Find & Replace. No typing cell by cell.
A3: Time | B3: 46027
A4: 0.33333333

Sheet Answer Key
A1: 🔑 Answer Key — Lesson 1.2
A2: Spoiler alert: try every task before reading this sheet. Column C is the value the Check column compares against. Column D is a sample solution, and column E recalculates a formula for it live, proving the answer.
A4: # | B4: Task | C4: Answer | D4: Sample solution | E4: Live result | F4: Explanation
A5: 1 | B5: On the Entries sheet, select the Entry column (B4:B15). How many of those 12 entries did Excel store as numbers? Dates and times count as numbers. Read the status bar (right-click it to turn on Numerical Count) or use the alignment clue. | C5: 8 | D5: 1. Select Entries!B4:B15. 2. Right-click the status bar and tick Numerical Count if it isn't showing. 3. Read Numerical Count (Count shows 12, because it counts every non-empty cell). | E5: — | F5: Two entries surprise most people. The pod-bed 3-12 became a date (March 12), so it's a number. The weight was pasted in as text, so it isn't a number even though it looks like one. That's why it sits on the left with a green triangle. TRUE is a logical value (centered), and the name and allergy are text. Everything else, including the date of birth, the arrival time, the copay, and the long member ID, is a number.
A6: 2 | B6: Entries!B7 shows the ED arrival as a date and time. What number does Excel actually store in that cell? Switch the cell to General format to see it, then type that number in the yellow cell, rounded to 2 decimal places. | C6: 46005.96 | D6: Select Entries!B7 and press Ctrl + Shift + ~ (Mac: ⌃ + Shift + ~), or choose Home → Number Format → General. Read the number, then press Ctrl + Z (Mac: ⌘ + Z) to put the date format back. | E6: {=Entries!B7} | F6: Excel stores 12/14/2025 as the serial number 46,005 (day 1 is 1/1/1900). The time 23:04 is 1,384 minutes out of 1,440 in a day, which is 0.9611. Add them and you get 46,005.9611. Formatting only changes how that one number is displayed.
A7: 3 | B7: The MRN on the Entries sheet lost its leading zeros. In the yellow cell, enter the patient's real 8-digit MRN, 00393694, so that Excel keeps it as text with both zeros. | C7: 00393694 | D7: Type '00393694 (start with an apostrophe) and press Enter. The apostrophe tells Excel "this is text" and is not shown in the cell. | E7: {=TEXT(Entries!B5,"00000000")} | F7: Typed plainly, 00393694 becomes the number 393694, because numbers don't have leading zeros. An apostrophe (or formatting the cell as Text before you type) stores the characters exactly as typed. A custom number format like 00000000 only displays zeros on top of the number, so the stored value would still be wrong for matching and lookups. (The live formula in the key rebuilds the text with TEXT, which you'll meet in Lesson 2.2.)
A8: 4 | B8: Type this two-line handoff note into the yellow cell, with "Allergy: Penicillin" on the first line and "Isolation: Contact" on the second line of the same cell. | C8: Allergy: Penicillin Isolation: Contact | D8: Type Allergy: Penicillin, press Alt + Enter (Mac: ⌃ + ⌥ + Return), type Isolation: Contact, then press Enter. | E8: — | F8: Alt + Enter inserts a line-break character inside the cell and turns on Wrap Text for you. Pressing Enter on its own would finish the entry and jump to the next cell. The check ignores capitals and spaces, but it needs the line break.
A9: 5 | B9: On the Schedule sheet, A5 holds 12/01/2025. Use the fill handle to fill the yellow cells A6:A35 with the rest of December, one day per row. The gray cell shows your last date. | C9: 46022 | D9: Select A5, point at the fill handle (the small square at its bottom-right corner) until the pointer becomes a thin +, and drag down to A35. | E9: {=Schedule!A5+30} | F9: AutoFill recognizes a date and adds one day per cell. If every cell shows 12/01/2025 instead, you held Ctrl while dragging (which copies) or chose Copy Cells from the Auto Fill Options button.
A10: 6 | B10: On the Schedule sheet, B5 holds "Mon". Fill the weekday names down to B35 by double-clicking the fill handle instead of dragging. The gray cell shows the day name in B35. | C10: Wed | D10: Select B5 and double-click its fill handle. Excel fills down as far as the dates in the neighboring column A go. | E10: {=TEXT(Schedule!A5+30,"ddd")} | F10: Weekday names (Mon, Tue… and Monday, Tuesday…) are a built-in custom list, so AutoFill cycles through them. Double-clicking the fill handle copies down to the last row of the adjacent column's data, which is why column A had to be filled first.
A11: 7 | B11: On the Beds sheet, A4 holds the first bed label, 4W-01. Fill the yellow cells below it so the list runs through all 36 of 4 West's staffed beds. The gray cell shows the label in the last row (A39). | C11: 4W-36 | D11: Select Beds!A4 and double-click the fill handle (column B is full, so Excel fills to row 39), or drag it down to A39. | E11: — | F11: When an entry is text that ends in a number, AutoFill increases that number and keeps the rest of the text, including the leading zero (4W-01, 4W-02 … 4W-36). Text with no number in it is just copied.
A12: 8 | B12: On the Q15 Log sheet, A4 holds 07:00. Fill the yellow cells below it with a check time every 15 minutes, ending at 18:45. Use Home → Fill → Series, or the two-cell AutoFill pattern. The gray cell shows the latest time in column A. | C12: 0.78125 | D12: Option A (Fill Series): select A4, choose Home → Fill → Series…, pick Columns and Linear, type 0:15 as the Step value and 18:50 as the Stop value, then click OK. Option B (AutoFill): type 7:15 in A5, select A4:A5, and drag the fill handle down to A51 (18:45). | E12: — | F12: Times are fractions of a day, so 15 minutes is 0:15 (0.0104…). The Fill Series dialog adds that step until it reaches the Stop value. A stop of 18:50 rather than 18:45 protects you from tiny rounding errors that can drop the last time. With two starting cells, AutoFill copies the gap between them. Either way you get 48 check times. A single time dragged on its own steps by a whole hour, not 15 minutes.
A13: 9 | B13: 4 West gets one float-pool RN on every Saturday and Sunday. In the Weekend float column (O) of the Schedule sheet, put FLOAT in every weekend row and nowhere else, using a single entry: Ctrl+click (Mac: ⌘+click) the weekend cells, type FLOAT, and press Ctrl+Enter (Mac: ⌘+Return). The gray cell counts correctly placed FLOATs minus any entries on weekdays. | C13: 8 | D13: 1. Click the first weekend cell in column O (the first Sat row), then Ctrl+click (Mac: ⌘+click) every other Sat and Sun row. 2. Type FLOAT (it appears in the last cell you clicked). 3. Press Ctrl + Enter (Mac: ⌘ + Return) to enter it in every selected cell at once. | E13: — | F13: Ctrl + Enter puts the same entry into every selected cell, even when the cells aren't next to each other. Plain Enter would fill only the active cell. The gray formula subtracts any FLOAT typed on a weekday, so it only reaches the full count when every weekend row is marked and no weekday is.
A14: 10 | B14: On the Admissions sheet, use Flash Fill to fill the yellow WhiteboardName column with each patient's first name and last initial, such as "Russell Y." for "Yilmaz, Russell". The gray cell counts how many of the 24 labels are exactly right. | C14: 24 | D14: 1. In Admissions!D2, type Rebecca R. and press Enter. 2. In D3, type Russell Y. and press Enter. If Excel shows a gray preview of the remaining labels while you type, you can press Enter to accept it. 3. Otherwise press Ctrl + E (or choose Data → Flash Fill, on both Windows and Mac). 4. Scan the results, and correct any row Flash Fill got wrong. | E14: — | F14: Flash Fill studies your examples, finds the pattern ("the text after the comma, a space, the first letter, a period"), and applies it to every row. The first row needs help. In Richardson, Rebecca both names start with R, so Rebecca R. doesn't show which initial you want, and Flash Fill could turn Yilmaz, Russell into Russell R.. The second example, Russell Y., settles it. The results are typed-in values, not formulas, so they won't update if a name changes. A formula (Lesson 2.2) would. Many units use first name plus last initial on hallway whiteboards to protect patient privacy.
A15: 11 | B15: The buyer needs 4 West's suggested restock quantities on the Order sheet as plain numbers. Copy Supplies!H4:H17 (SuggestedOrder) and paste only the values into the yellow cells Order!D4:D17. The gray cell totals your Order Qty column. | C15: 2526 | D15: 1. Select Supplies!H4:H17 and press Ctrl + C (Mac: ⌘ + C). 2. Click Order!D4. 3. Press Ctrl + Alt + V (Mac: ⌃ + ⌘ + V) to open Paste Special, choose Values, and click OK. Or use Home → Paste ▾ → Values (123). | E15: {=SUM(Supplies!H4:H17)} | F15: SuggestedOrder holds formulas such as =MAX(0,G4-F4). A normal paste copies the formula, and because its references are relative, it ends up pointing at the wrong cells on the Order sheet, so you see #VALUE! or wrong numbers. Paste Special → Values pastes only the results, which is what you want when the numbers must stay fixed or leave the workbook.
A16: 12 | B16: Most people read schedules with staff down the side and dates across the top. Copy Schedule!A4:N35 and use Paste Special → Transpose with the top-left corner in Roster!A3. The gray cell checks that Jean Herrera landed in column A, then counts that nurse's December shifts. | C16: 14 | D16: 1. Select Schedule!A4:N35 and press Ctrl + C (Mac: ⌘ + C). 2. Click Roster!A3. 3. Press Ctrl + Alt + V (Mac: ⌃ + ⌘ + V), tick Transpose, and click OK. Or use Home → Paste ▾ → Transpose. | E16: {=COUNTA(Schedule!I5:I35)} | F16: Transpose turns the copied block on its side: row 4 (the names) becomes column A, and each date row becomes a column. Jean Herrera's column of codes becomes row 11. Transpose isn't available after Cut, and the paste area must not overlap the copied cells.
A17: 13 | B17: The new scheduling system uses N12 instead of N for a 12-hour night shift. On the Schedule sheet, use Find & Replace to change every N code to N12 without touching any names or day labels. The gray cell counts N12 codes in the grid (C5:N35) and warns you if a name or day label changed too. | C17: 61 | D17: 1. Click any single cell on the Schedule sheet (so Excel searches the whole sheet). 2. Press Ctrl + H (Mac: ⌃ + H). Find what: N, Replace with: N12. 3. Tick Match entire cell contents (click Options >> first if you can't see it). On a Mac the box is called Find entire cells only. 4. Click Replace All. Excel reports how many replacements it made, which matches the gray cell. | E17: {=COUNTIF(Schedule!C5:N35,"N")} | F17: Without Match entire cell contents, Excel replaces the letter n anywhere in a cell, and it ignores capitals, so "Mon" would become "MoN12" and every name with an n would be damaged. With the option ticked, only cells containing exactly N change. Selecting just the code grid before Replace All is another safe approach, because Excel then searches only the selection.

Sheet Bonus Key
A1: 🔑 Bonus Key — Lesson 1.2
A2: Spoiler alert: try every task before reading this sheet. Column C is the value the Check column compares against. Column D is a sample solution, and column E recalculates a formula for it live, proving the answer.
A4: # | B4: Task | C4: Answer | D4: Sample solution | E4: Live result | F4: Explanation
A5: B1 | B5: Fill the date header C3:K3 with the next nine weekdays, skipping Saturdays and Sundays. The gray cell shows the date in K3. | C5: 46038 | D5: Select B3:K3, then choose Home → Fill → Series…: Rows, Type Date, Date unit Weekday, Step 1, and click OK. Or drag B3's fill handle to K3 and choose Auto Fill Options → Fill Weekdays. | E5: {=WORKDAY('Clinic Grid'!B3,9)} | F5: Ten weekdays from Monday 01/05 end on Friday 01/16. If you see 01/14 in the last cell, the series included the weekend of 01/10–01/11. (The live formula in the key uses WORKDAY, a date function from Lesson 2.3.)
A6: B2 | B6: Fill the time column A5:A39 with 15-minute slots after 08:00, ending at 16:45. The gray cell shows the latest time in column A. | C6: 0.69791667 | D6: Select A4, choose Home → Fill → Series…: Columns, Linear, Step 0:15, Stop 16:50, and click OK. Or type 8:15 in A5, select both cells, and drag the fill handle to A39. | E6: — | F6: 08:00 to 16:45 every 15 minutes is 36 slots per day, so the grid has 36 × 10 = 360 cells.
A7: B3 | B7: Fill the whole grid B4:K39 with Open in one entry. Then type Lunch over the 12:00–12:45 rows for every day, and Admin over both Wednesday afternoons (13:00–16:45). Use one Ctrl+Enter for each step. The gray cell counts Lunch and Admin slots in the right places, minus any in the wrong place. | C7: 72 | D7: 1. Select B4:K39, type Open, and press Ctrl + Enter (Mac: ⌘ + Return). 2. Select B20:K23 (12:00–12:45), type Lunch, and press Ctrl + Enter. 3. Select D24:D39, Ctrl+drag (Mac: ⌘+drag) I24:I39 (the two Wednesday afternoons), type Admin, and press Ctrl + Enter. | E7: — | F7: Lunch is 4 slots × 10 days = 40, and Admin is 16 afternoon slots × 2 Wednesdays = 32, so 72 slots are blocked. Typing over a selection with Ctrl + Enter replaces whatever was there, which is why you can paint Open everywhere first and then overwrite the exceptions.
A8: B4 | B8: Select both Friday-afternoon blocks (13:00–16:45), then use Find & Replace to change Open to Telehealth inside that selection only. Excel reports how many replacements it made. The gray cell counts Telehealth slots in the right places, minus any in the wrong place, so the two numbers should agree. | C8: 32 | D8: 1. Select F24:F39, then Ctrl+drag (Mac: ⌘+drag) K24:K39. 2. Press Ctrl + H (Mac: ⌃ + H). Find what: Open, Replace with: Telehealth. Tick Match entire cell contents for safety. 3. Click Replace All. Because more than one cell is selected, Excel searches only the selection. (You can also do one Friday at a time and add the two counts.) | E8: — | F8: Two Fridays × 16 afternoon slots = 32. If you had only one cell selected, Excel would have replaced every Open on the sheet, so the whole template would have turned into Telehealth.
A9: B5 | B9: How many slots are still Open for in-person booking? Work it out from the size of the grid and the slots you blocked or converted, then confirm it on the Clinic Grid with Find All. Type the number in the yellow cell. | C9: 256 | D9: Work it out: 36 rows × 10 days = 360 slots, minus 40 Lunch, 32 Admin, and 32 Telehealth = 256. To confirm, click one cell on the Clinic Grid, press Ctrl + F (Mac: ⌃ + F), type Open, tick Match entire cell contents, and click Find All. The dialog reports "256 cell(s) found". | E9: — | F9: Lunch takes 4 slots on each of 10 days (40). Admin and Telehealth each take the 16 afternoon slots on 2 days (32 and 32). That leaves 360 − 40 − 32 − 32 = 256 Open slots. If Find All reports more, part of a block is missing. If it reports fewer, something extra was overwritten. Working the number out first and then counting is a quick way to catch a fill that went wrong.
