Workbook

Sheet Start Here
B2: Lesson 5.5
B3: Events, UserForms & Automated Reports
B4: Expert · about 195 minutes · Bluestone Health System (fictional)
B6: What you'll learn
B7: • | C7: Respond to workbook and worksheet events (Open, Change, BeforeSave)
B8: • | C8: Build a validated data-entry UserForm that writes to a Table
B9: • | C9: Automate a report: combine files with Dir, export to PDF, save timestamped copies
B10: • | C10: Know the safe limits of automation and when to use Office Scripts or Power Automate
B12: How to use this workbook
B13: 1. Read the guide | C13: The lesson guide (README) explains each skill with examples: https://github.com/lmansf/learn-excel/tree/main/05-automation-vba/05-events-userforms-automation
B14: 2. Practice | C14: Go to the 'Practice' sheet. Type your answers for tasks 1–5 and 12 in the yellow cells. For tasks 6–11, finish and run your macros, and the gray cells fill in by themselves.
B15: 3. Check yourself | C15: The Check column shows ✔ Correct (green) or ✘ Not yet (red).
B16: 4. Bonus | C16: Finished? Try the harder 'Bonus' sheet.
B17: 5. Answers | C17: The 'Answer Key' and 'Bonus Key' sheets are hidden. Right-click any sheet tab → Unhide… → pick one → OK. (Try first!)
B18: Note | C18: Macros can't be saved in an .xlsx file. Before you write any code, choose File → Save As and pick 'Excel Macro-Enabled Workbook (*.xlsm)'.
B19: Note | C19: Put the census_monthly folder (from the lesson's data folder or census_monthly.zip) in the same folder as your .xlsm. CombineCensusFiles looks for it there.
B20: Note | C20: Starter code is in the lesson's starter/ folder. Open the Visual Basic Editor with Alt + F11 (Mac: Option + F11, or Developer → Visual Basic), then choose File → Import File… for modLog.bas and modReports.bas. Don't import the .cls and .vba files: paste each one into the module named at the top of the file (ThisWorkbook, the BedBoard sheet, or the frmIntake form you build in Guide §7).
B21: Note | C21: The bonus macro creates Report_yyyy-mm sheets. The gray cells on the Bonus sheet read them, so they stay blank until the macro has run.
B23: Color legend
B24: Yellow cell | C24: Your answer goes here.
B25: Gray cell | C25: Pre-filled summary formula. It reads the work you did on another sheet, so don't type over it.
B26: ✔ Correct | C26: Your answer matches the key.
B27: ✘ Not yet | C27: Not matching yet. Check the hint and try again.
B29: Sheets in this workbook
B30: Practice | C30: 12 practice tasks, each with a Check cell.
B31: BedBoard | C31: Data: 36 rows, in the Excel Table 'tblBeds'
B32: Intake | C32: Data: 69 rows, in the Excel Table 'tblIntake'
B33: Log | C33: Timestamp, Event, Detail, User. WriteLog adds a row here each time your code calls it (tasks 6–7).
B34: Combined | C34: Headers only. CombineCensusFiles fills it with the rows of the 12 monthly census CSV files (tasks 11–12 and the bonus).
B35: Settings | C35: ReportMonth, CsvFolder, ReportFolder, and LastExport: the cells your report macros read and write (task 11 and the bonus).
B36: Lists | C36: Arrival modes and chief complaints for the intake form's drop-down lists (tasks 8–10).
B37: Bonus | C37: The bonus challenge (5 parts).
B38: About the data | C38: Bluestone Memorial Hospital: the 4 West bed board (36 beds, 12/31/2025) and the ED intake log (Dec 25–31, 2025), plus 12 monthly census CSV files covering all 18 inpatient units in the health system in 2025 (6,570 rows).
B39: Disclaimer | C39: All people, places, and numbers are synthetic and fictional. Not clinical guidance.

Sheet Practice
A1: Lesson 5.5 · Practice
A2: Tasks 1–5 are quick concept checks you can answer from the guide. Tasks 6–12 are build tasks: save this workbook as an .xlsm first, import the starter modules, and work in order. The gray cells read what your macros write, so they stay blank until your code has run.
A3: Type your answers for tasks 1–5 and 12 in the yellow cells. The gray cells for tasks 6–11 fill in once your macros have run. The Check column turns green when your answer matches. Stuck? Read the hint, then the lesson guide. Answers: right-click a sheet tab → Unhide… → 'Answer Key'.
A4: ="Score: "&COUNTIF(E6:E17,"✔*")&" of 12 auto-checked tasks correct"
A5: # | B5: Task | C5: Hint | D5: Your Answer | E5: Check
A6: 1 | B6: On the BedBoard sheet, the Status column of tblBeds is C2:C37. Suppose you select A30:E40 and press Delete. Worksheet_Change runs once with Target = A30:E40. How many cells are in Intersect(Target, Range("C2:C37"))? | C6: Intersect keeps only the cells that are in both ranges: shared columns AND shared rows | E6: =IF(IFERROR(D6="",FALSE),"",IF(IFERROR(AND(ISNUMBER(D6),OR(ABS(D6-'Answer Key'!$C$5)<=0.0001)),FALSE),"✔ Correct","✘ Not yet"))
A7: 2 | B7: A run-time error stopped your Worksheet_Change handler right after it set Application.EnableEvents = False, and now nothing happens when you edit a Status cell. Type the exact statement you would run in the Immediate window (Ctrl + G) to switch events back on. | C7: It's the same property your handler switched off | E7: =IF(IFERROR(D7="",FALSE),"",IF(IFERROR(OR(LOWER(TRIM(D7&""))=LOWER(TRIM('Answer Key'!$C$6&"")),LOWER(TRIM(D7&""))="application.enableevents=true",LOWER(TRIM(D7&""))="application.enableevents = true"),FALSE),"✔ Correct","✘ Not yet"))
A8: 3 | B8: Your archive macro runs at 5:07 PM on 12/31/2025 and calls ThisWorkbook.SaveCopyAs folder & "CensusReport_" & Format(Now, "yyyy-mm-dd_hhnn") & ".xlsm". What file name does it create? Type the name only, without the folder. | C8: Look up each code in the Format table in Guide §9 (hh is a 24-hour clock unless you add AM/PM) | E8: =IF(IFERROR(D8="",FALSE),"",IF(IFERROR(OR(LOWER(TRIM(D8&""))=LOWER(TRIM('Answer Key'!$C$7&""))),FALSE),"✔ Correct","✘ Not yet"))
A9: 4 | B9: After ThisWorkbook.SaveCopyAs runs, which workbook are you working in? Type A, B, or C. A = the original file (the copy was written to disk but isn't open) B = the new copy (Excel switched to it, the way Save As does) C = both files are open in Excel | C9: Compare Save, SaveAs, and SaveCopyAs in Guide §9 | E9: =IF(IFERROR(D9="",FALSE),"",IF(IFERROR(OR(LOWER(TRIM(D9&""))=LOWER(TRIM('Answer Key'!$C$8&""))),FALSE),"✔ Correct","✘ Not yet"))
A10: 5 | B10: The house supervisor wants the census summary rebuilt at 06:00 every morning and posted to a Microsoft Teams channel, even on days when nobody has Excel open. Which tool fits? Type A, B, or C. A = Application.OnTime in your .xlsm B = a Workbook_Open macro C = an Office Script run by a scheduled Power Automate flow | C10: Which option doesn't need desktop Excel to be running? | E10: =IF(IFERROR(D10="",FALSE),"",IF(IFERROR(OR(LOWER(TRIM(D10&""))=LOWER(TRIM('Answer Key'!$C$9&""))),FALSE),"✔ Correct","✘ Not yet"))
A11: 6 | B11: Save the workbook as .xlsm and import modLog. Paste starter/ThisWorkbook.cls into the ThisWorkbook module and finish Workbook_Open and Workbook_BeforeSave so they call WriteLog "Open", … and WriteLog "Save", …. Save, close, reopen with macros enabled, then save again. The gray cell shows TRUE when the Log sheet has at least one Open row and one Save row. | C11: Choose Workbook in the left drop-down of the ThisWorkbook code window, then the event on the right | D11: {=IF(COUNTA(Log!B2:B1000)=0,"",AND(COUNTIF(Log!B2:B1000,"Open")>0,COUNTIF(Log!B2:B1000,"Save")>0))} | E11: =IF(IFERROR(D11="",FALSE),"",IF(IFERROR(D11='Answer Key'!$C$10,FALSE),"✔ Correct","✘ Not yet"))
A12: 7 | B12: Paste starter/BedBoard.cls into the BedBoard sheet's module and finish its Worksheet_Change handler. For each changed Status cell it should stamp StatusTime with Now and call WriteLog "Bed status", … once. Delete any "Bed status" rows that your testing left on the Log sheet, then make exactly these edits: • Change 4W-405B's Status to Dirty. • Select the Status cells of 4W-410A, 4W-410B, and 4W-411A, type Clean, and press Ctrl + Enter (Mac: ⌘ + Return) to fill all three at once. • In 4W-415A's Notes cell, type Bed alarm on. The gray cell counts the Log's "Bed status" rows. | C12: Intersect Target with the Status column, then loop For Each over the result | D12: {=IF(COUNTIF(Log!B2:B1000,"Bed status")=0,"",COUNTIF(Log!B2:B1000,"Bed status"))} | E12: =IF(IFERROR(D12="",FALSE),"",IF(IFERROR(AND(ISNUMBER(D12),OR(ABS(D12-'Answer Key'!$C$11)<=0.0001)),FALSE),"✔ Correct","✘ Not yet"))
A13: 8 | B13: Build frmIntake (Guide §6–7) and use it to add these three ED arrivals on 12/31/2025. Type each arrival as yyyy-mm-dd hh:mm, for example 2025-12-31 11:41. • 11:41 · MRN 02718484 · King, Gerald · Walk-In · ESI 3 · Vomiting / Dizziness · interpreter needed • 11:44 · MRN 00787672 · Cruz, Bobby · Walk-In · ESI 4 · Vomiting / Dizziness · no interpreter • 11:52 · MRN 05525049 · Rice, Jennifer · Ambulance · ESI 2 · Shortness of Breath · no interpreter Then try to save a fourth record with MRN 787672. Your form must refuse it. The gray cell shows how many rows tblIntake has now. | C13: ListRows.Add, then write each field into the new row | D13: {=IF(ROWS(tblIntake[IntakeID])<=69,"",ROWS(tblIntake[IntakeID]))} | E13: =IF(IFERROR(D13="",FALSE),"",IF(IFERROR(AND(ISNUMBER(D13),OR(ABS(D13-'Answer Key'!$C$12)<=0.0001)),FALSE),"✔ Correct","✘ Not yet"))
A14: 9 | B14: How many MRNs in tblIntake are stored as 8-character text? The gray cell counts them with ISTEXT and LEN. If the count is lower than your row count in task 8, your form wrote some MRNs as numbers. Delete those rows, fix AddIntakeRow, and enter the patients again. | C14: A TextBox gives you text, but Excel converts number-like text that lands in a General cell | D14: {=IF(ROWS(tblIntake[IntakeID])<=69,"",SUMPRODUCT(--ISTEXT(tblIntake[MRN]),--(LEN(tblIntake[MRN])=8)))} | E14: =IF(IFERROR(D14="",FALSE),"",IF(IFERROR(AND(ISNUMBER(D14),OR(ABS(D14-'Answer Key'!$C$13)<=0.0001)),FALSE),"✔ Correct","✘ Not yet"))
A15: 10 | B15: How many arrivals in tblIntake are ESI level 1 or 2 now? The gray cell uses COUNTIFS(tblIntake[ESILevel],"<=2"), which counts only real numbers. | C15: Loop over the five option buttons with Me.Controls("optESI" & i) | D15: {=IF(ROWS(tblIntake[IntakeID])<=69,"",COUNTIFS(tblIntake[ESILevel],"<=2"))} | E15: =IF(IFERROR(D15="",FALSE),"",IF(IFERROR(AND(ISNUMBER(D15),OR(ABS(D15-'Answer Key'!$C$14)<=0.0001)),FALSE),"✔ Correct","✘ Not yet"))
A16: 11 | B16: Finish CombineCensusFiles in modReports so it loops through every .csv file in the census_monthly folder with Dir, opens each one, copies its data rows (not its header) to the next empty row of the Combined sheet, and closes it without saving. Run it. The gray cell counts the data rows on Combined, or shows a message if column A holds text or blank rows. | C16: Dir(folder) gives the first file and Dir() each next one. CurrentRegion.Offset(1).Resize(…) drops the header | D16: {=IF(COUNTA(Combined!A2:A20000)=0,"",IF(COUNT(Combined!A2:A20000)<COUNTA(Combined!A2:A20000),"Text rows found",IF(COUNTBLANK(Combined!A2:INDEX(Combined!A2:A20000,COUNTA(Combined!A2:A20000)))>0,"Blank rows found",COUNTA(Combined!A2:A20000))))} | E16: =IF(IFERROR(D16="",FALSE),"",IF(IFERROR(AND(ISNUMBER(D16),OR(ABS(D16-'Answer Key'!$C$15)<=0.0001)),FALSE),"✔ Correct","✘ Not yet"))
A17: 12 | B17: Now analyze what your macro imported. In the yellow cell, write one formula that reads the Combined sheet: what was the 2025 occupancy of Bluestone Memorial's Intensive Care Unit (DeptID D130)? Use patient days (sum of MidnightCensus) ÷ bed days (sum of StaffedBeds), as a percentage to 1 decimal place. | C17: SUMIFS ÷ SUMIFS on the Combined columns | E17: =IF(IFERROR(D17="",FALSE),"",IF(IFERROR(AND(ISNUMBER(D17),OR(ABS(D17-'Answer Key'!$C$16)<=0.00051,ABS(D17-'Answer Key'!$C$16*100)<=0.051000000000000004)),FALSE),"✔ Correct","✘ Not yet"))

Sheet BedBoard
A1: BedID | B1: Room | C1: Status | D1: StatusTime | E1: Notes
A2: 4W-401A | B2: 401 | C2: Occupied | D2: 46017.333
A3: 4W-401B | B3: 401 | C3: Occupied | D3: 46017.609
A4: 4W-402A | B4: 402 | C4: Occupied | D4: 46017.885 | E4: Fall risk
A5: 4W-402B | B5: 402 | C5: Occupied | D5: 46018.16
A6: 4W-403A | B6: 403 | C6: Occupied | D6: 46018.436
A7: 4W-403B | B7: 403 | C7: Occupied | D7: 46018.712
A8: 4W-404A | B8: 404 | C8: Occupied | D8: 46018.988
A9: 4W-404B | B9: 404 | C9: Occupied | D9: 46019.263
A10: 4W-405A | B10: 405 | C10: Occupied | D10: 46019.539
A11: 4W-405B | B11: 405 | C11: Occupied | D11: 46019.815 | E11: Discharge order written; waiting for ride
A12: 4W-406A | B12: 406 | C12: Occupied | D12: 46020.09
A13: 4W-406B | B13: 406 | C13: Occupied | D13: 46020.366
A14: 4W-407A | B14: 407 | C14: Occupied | D14: 46020.642
A15: 4W-407B | B15: 407 | C15: Occupied | D15: 46020.917
A16: 4W-408A | B16: 408 | C16: Occupied | D16: 46021.193
A17: 4W-408B | B17: 408 | C17: Occupied | D17: 46021.469
A18: 4W-409A | B18: 409 | C18: Occupied | D18: 46021.744
A19: 4W-409B | B19: 409 | C19: Occupied | D19: 46022.02 | E19: Telemetry
A20: 4W-410A | B20: 410 | C20: Dirty | D20: 46022.456
A21: 4W-410B | B21: 410 | C21: Dirty | D21: 46022.467
A22: 4W-411A | B22: 411 | C22: Dirty | D22: 46022.42
A23: 4W-411B | B23: 411 | C23: Occupied | D23: 46018.123
A24: 4W-412A | B24: 412 | C24: Occupied | D24: 46018.399
A25: 4W-412B | B25: 412 | C25: Occupied | D25: 46018.674
A26: 4W-413A | B26: 413 | C26: Occupied | D26: 46018.95
A27: 4W-413B | B27: 413 | C27: Occupied | D27: 46019.226
A28: 4W-414A | B28: 414 | C28: Occupied | D28: 46019.501 | E28: NPO after midnight
A29: 4W-414B | B29: 414 | C29: Occupied | D29: 46019.777
A30: 4W-415A | B30: 415 | C30: Occupied | D30: 46020.053
A31: 4W-415B | B31: 415 | C31: Occupied | D31: 46020.328
A32: 4W-416A | B32: 416 | C32: Occupied | D32: 46020.604
A33: 4W-416B | B33: 416 | C33: Occupied | D33: 46020.88
A34: 4W-417A | B34: 417 | C34: Occupied | D34: 46021.156
A35: 4W-417B | B35: 417 | C35: Clean | D35: 46022.397
A36: 4W-418A | B36: 418 | C36: Blocked | D36: 46021.75 | E36: Contact isolation; room needs terminal clean
A37: 4W-418B | B37: 418 | C37: Clean | D37: 46022.412

Sheet Intake
A1: IntakeID | B1: ArrivalDateTime | C1: MRN | D1: LastName | E1: FirstName | F1: ArrivalMode | G1: ESILevel | H1: ChiefComplaint | I1: Interpreter | J1: EnteredBy
A2: 1001 | B2: 46016.114 | C2: 09245333 | D2: Hunt | E2: Karen | F2: Walk-In | G2: 3 | H2: Painful Urination / Fever | I2: FALSE | J2: M. Reyes
A3: 1002 | B3: 46016.291 | C3: 03407617 | D3: Harris | E3: Priya | F3: Ambulance | G3: 2 | H3: Confusion | I3: FALSE | J3: M. Reyes
A4: 1003 | B4: 46016.308 | C4: 07139825 | D4: Hamilton | E4: George | F4: Walk-In | G4: 3 | H4: Abdominal Pain | I4: FALSE | J4: D. Okafor
A5: 1004 | B5: 46016.378 | C5: 02337120 | D5: Morales | E5: Jacob | F5: Walk-In | G5: 4 | H5: Vomiting / Diarrhea | I5: FALSE | J5: D. Okafor
A6: 1005 | B6: 46016.397 | C6: 07621293 | D6: Adams | E6: Steven | F6: Walk-In | G6: 2 | H6: Head Injury | I6: FALSE | J6: D. Okafor
A7: 1006 | B7: 46016.414 | C7: 07719730 | D7: Gray | E7: Grace | F7: Walk-In | G7: 4 | H7: Shortness of Breath | I7: FALSE | J7: D. Okafor
A8: 1007 | B8: 46016.454 | C8: 07605381 | D8: Castro | E8: Lauren | F8: Walk-In | G8: 4 | H8: Cough / Fever | I8: FALSE | J8: D. Okafor
A9: 1008 | B9: 46016.475 | C9: 05322829 | D9: Lindqvist | E9: Julia | F9: Ambulance | G9: 2 | H9: Weakness / Numbness | I9: FALSE | J9: D. Okafor
A10: 1009 | B10: 46016.552 | C10: 08441619 | D10: Gonzalez | E10: Lucia | F10: Walk-In | G10: 3 | H10: Skin Redness / Swelling | I10: FALSE | J10: D. Okafor
A11: 1010 | B11: 46016.608 | C11: 05807128 | D11: Coleman | E11: Russell | F11: Walk-In | G11: 4 | H11: Vomiting / Diarrhea | I11: FALSE | J11: D. Okafor
A12: 1011 | B12: 46016.644 | C12: 01519007 | D12: Griffin | E12: Marilyn | F12: Ambulance | G12: 2 | H12: Shortness of Breath | I12: FALSE | J12: D. Okafor
A13: 1012 | B13: 46016.685 | C13: 03054607 | D13: Rose | E13: Thomas | F13: Walk-In | G13: 2 | H13: Cough / Fever | I13: FALSE | J13: D. Okafor
... A70: 1069 | B70: 46022.46 | C70: 09254099 | D70: Stone | E70: Ethan | F70: Walk-In | G70: 3 | H70: Headache | I70: FALSE | J70: D. Okafor

Sheet Log
A1: Timestamp | B1: Event | C1: Detail | D1: User

Sheet Combined
A1: CensusDate | B1: FacilityID | C1: DeptID | D1: UnitName | E1: StaffedBeds | F1: Admissions | G1: Discharges | H1: MidnightCensus

Sheet Settings
A1: Report settings
A2: Macros read these cells. Change ReportMonth and run BuildCensusReport again to report on another month.
A3: ReportMonth | B3: 45992 | C3: First day of the month to report on (bonus)
A4: CsvFolder | B4: census_monthly | C4: Folder of monthly CSV files, next to this workbook
A5: ReportFolder | B5: Reports | C5: Folder for PDFs and backup copies, next to this workbook (created if missing)
A6: LastExport | C6: Full path of the last PDF exported (written by BuildCensusReport)

Sheet Lists
A1: ArrivalMode | C1: ChiefComplaint
A2: Walk-In | C2: Abdominal Pain
A3: Ambulance | C3: Abdominal Pain / Vomiting
A4: Police | C4: Ankle Injury
A5: Air Transport | C5: Anxiety / Palpitations
C6: Back Pain
C7: Bloody Stool / Vomiting Blood
C8: Breast Mass
C9: Chest Pain
C10: Confusion
C11: Cough / Fever
C12: Cough / Trouble Breathing
C13: Depression / Suicidal Thoughts
C14: Dizziness
C15: Ear Pain / Fever
C16: Fainting
C17: Fall
... C38: Weakness / Numbness

Sheet Bonus
A1: Lesson 5.5 · Bonus: one-click monthly census report
A2: The Chief Nursing Officer wants a monthly census packet without anyone copying and pasting. Write BuildCensusReport in modReports. It reads the month from Settings!B3 (ReportMonth) and then: 1. Runs CombineCensusFiles. 2. Deletes and re-creates a sheet named Report_yyyy-mm (for example Report_2025-12). 3. Puts the headers DeptID, Unit, Facility, PatientDays, BedDays, ADC, Occupancy in A3:G3 and one row per unit from row 4, sorted by Occupancy (highest first). PatientDays = sum of MidnightCensus, BedDays = sum of StaffedBeds, ADC = PatientDays ÷ days in the month, and Occupancy = PatientDays ÷ BedDays. Store full precision, and format ADC as 0.0 and Occupancy as 0.0%. 4. Adds a row under the units with Total in column A and the system-wide values in D:G. 5. Exports the report sheet to CensusReport_yyyy-mm.pdf in the Reports folder next to the workbook (the folder name is in Settings!B5), writes the PDF's full path into Settings!B6, and saves a timestamped backup with SaveCopyAs. Run it for December 2025 (the month already in Settings!B3), then set Settings!B3 to 01/01/2025 and run it again. The gray cells read your report sheets.
A3: There's nothing to type on this sheet. The gray cells fill in once BuildCensusReport has run for December and January, and the Check column turns green when they match. Stuck? Read the hint, then the lesson guide. Answers: right-click a sheet tab → Unhide… → 'Bonus Key'.
A4: ="Score: "&COUNTIF(E6:E10,"✔*")&" of 5 auto-checked tasks correct"
A5: # | B5: Task | C5: Hint | D5: Your Answer | E5: Check
A6: B1 | B6: What was the December 2025 average daily census (ADC) of Bluestone Memorial's Intensive Care Unit (D130)? The gray cell looks it up on Report_2025-12. | C6: ADC = patient days ÷ 31 for December | D6: {=IFERROR(INDEX(INDIRECT("'Report_2025-12'!F4:F60"),MATCH("D130",INDIRECT("'Report_2025-12'!A4:A60"),0)),"")} | E6: =IF(IFERROR(D6="",FALSE),"",IF(IFERROR(AND(ISNUMBER(D6),OR(ABS(D6-'Bonus Key'!$C$5)<=0.051)),FALSE),"✔ Correct","✘ Not yet"))
A7: B2 | B7: Which unit (DeptID) had the highest occupancy in December 2025? The gray cell reads the first unit row of Report_2025-12, so your sort must be right. | C7: Range.Sort on the Occupancy column, descending, before you add the Total row | D7: {=IFERROR(INDIRECT("'Report_2025-12'!A4")&"","")} | E7: =IF(IFERROR(D7="",FALSE),"",IF(IFERROR(OR(LOWER(TRIM(D7&""))=LOWER(TRIM('Bonus Key'!$C$6&""))),FALSE),"✔ Correct","✘ Not yet"))
A8: B3 | B8: What was the system-wide inpatient occupancy in December 2025? The gray cell reads it from the Total row of Report_2025-12. | C8: Total patient days ÷ total bed days, not the average of the unit percentages | D8: {=IFERROR(INDEX(INDIRECT("'Report_2025-12'!G4:G60"),MATCH("Total",INDIRECT("'Report_2025-12'!A4:A60"),0)),"")} | E8: =IF(IFERROR(D8="",FALSE),"",IF(IFERROR(AND(ISNUMBER(D8),OR(ABS(D8-'Bonus Key'!$C$7)<=0.00051,ABS(D8-'Bonus Key'!$C$7*100)<=0.051000000000000004)),FALSE),"✔ Correct","✘ Not yet"))
A9: B4 | B9: After rerunning for January 2025, which DeptID tops Report_2025-01? | C9: Change Settings!B3, run the same macro again | D9: {=IFERROR(INDIRECT("'Report_2025-01'!A4")&"","")} | E9: =IF(IFERROR(D9="",FALSE),"",IF(IFERROR(OR(LOWER(TRIM(D9&""))=LOWER(TRIM('Bonus Key'!$C$8&""))),FALSE),"✔ Correct","✘ Not yet"))
A10: B5 | B10: What is the file name (without the folder) of the last PDF your macro exported? The gray cell pulls it from the full path in Settings!B6. | C10: Format(reportMonth, "yyyy-mm") inside the file name | D10: {=IF(Settings!B6="","",TRIM(RIGHT(SUBSTITUTE(SUBSTITUTE(Settings!B6,"\","/"),"/",REPT(" ",200)),200)))} | E10: =IF(IFERROR(D10="",FALSE),"",IF(IFERROR(OR(LOWER(TRIM(D10&""))=LOWER(TRIM('Bonus Key'!$C$9&"")),LOWER(TRIM(D10&""))="censusreport_2025-12.pdf"),FALSE),"✔ Correct","✘ Not yet"))

Sheet Answer Key
A1: 🔑 Answer Key — Lesson 5.5
A2: Spoiler alert: try every task before reading this sheet. Column C is the value the Check column compares against, and column D shows a sample solution (steps or code).
A4: # | B4: Task | C4: Answer | D4: Sample solution | E4: Live result | F4: Explanation
A5: 1 | B5: On the BedBoard sheet, the Status column of tblBeds is C2:C37. Suppose you select A30:E40 and press Delete. Worksheet_Change runs once with Target = A30:E40. How many cells are in Intersect(Target, Range("C2:C37"))? | C5: 8 | D5: Draw both rectangles. Target covers columns A–E, rows 30–40. The Status column covers column C, rows 2–37. They share C30:C37. | E5: — | F5: Rows 38–40 are below the table and columns other than C aren't Status cells, so they drop out, leaving 8 cells. This is why a handler loops over Intersect(Target, …) instead of over Target: it touches only the Status cells that changed, however big the selection was.
A6: 2 | B6: A run-time error stopped your Worksheet_Change handler right after it set Application.EnableEvents = False, and now nothing happens when you edit a Status cell. Type the exact statement you would run in the Immediate window (Ctrl + G) to switch events back on. | C6: Application.EnableEvents = True | D6: Application.EnableEvents = True (type it in the Immediate window and press Enter) | E6: — | F6: EnableEvents belongs to the whole Excel application, not to one workbook or sheet. It stays False after the macro stops, for every open workbook, until something sets it back. That's why every handler that turns it off needs an error handler that always turns it back on. The EventsOn macro in modLog does the same job from Alt + F8 (Mac: Option + F8, or Developer → Macros).
A7: 3 | B7: Your archive macro runs at 5:07 PM on 12/31/2025 and calls ThisWorkbook.SaveCopyAs folder & "CensusReport_" & Format(Now, "yyyy-mm-dd_hhnn") & ".xlsm". What file name does it create? Type the name only, without the folder. | C7: CensusReport_2025-12-31_1707.xlsm | D7: CensusReport_2025-12-31_1707.xlsm | E7: — | F7: yyyy-mm-dd gives 2025-12-31. hh gives the hour on a 24-hour clock (17) because the format has no AM/PM code, and nn gives the minutes (07). Year-month-day order makes the archive files sort by date when you sort them by name. VBA would also read mm right after hh as minutes, but nn is never ambiguous, so prefer it.
A8: 4 | B8: After ThisWorkbook.SaveCopyAs runs, which workbook are you working in? Type A, B, or C. A = the original file (the copy was written to disk but isn't open) B = the new copy (Excel switched to it, the way Save As does) C = both files are open in Excel | C8: A | D8: A. SaveCopyAs writes a snapshot to a new file and leaves the open workbook alone. | E8: — | F8: SaveAs renames the open workbook, so afterwards you're editing the new file and the original file is no longer open. SaveCopyAs is the right tool for backups because nothing about the open workbook changes: same name, same folder, and the copy keeps the original's file format, so give it the same extension (.xlsm).
A9: 5 | B9: The house supervisor wants the census summary rebuilt at 06:00 every morning and posted to a Microsoft Teams channel, even on days when nobody has Excel open. Which tool fits? Type A, B, or C. A = Application.OnTime in your .xlsm B = a Workbook_Open macro C = an Office Script run by a scheduled Power Automate flow | C9: C | D9: C. A scheduled (Recurrence) Power Automate flow runs an Office Script in the cloud. | E9: — | F9: OnTime and Workbook_Open both need desktop Excel running on someone's PC with the workbook open (or being opened). Neither can fire at 06:00 if that PC is off, nobody is logged on, or Excel was closed overnight. A Power Automate flow with a Recurrence trigger runs in Microsoft's cloud, calls an Office Script on the workbook stored in OneDrive or SharePoint, and can post the result to Teams. VBA can't run in that setting at all.
A10: 6 | B10: Save the workbook as .xlsm and import modLog. Paste starter/ThisWorkbook.cls into the ThisWorkbook module and finish Workbook_Open and Workbook_BeforeSave so they call WriteLog "Open", … and WriteLog "Save", …. Save, close, reopen with macros enabled, then save again. The gray cell shows TRUE when the Log sheet has at least one Open row and one Save row. | C10: TRUE | D10: Option Explicit ' Runs every time the workbook opens with macros enabled. Private Sub Workbook_Open() WriteLog "Open", "Opened by " & Application.UserName Me.Worksheets("BedBoard").Activate End Sub ' Runs just before every save (Ctrl + S, File > Save, Save As). ' Setting Cancel = True stops the save. Private Sub Workbook_BeforeSave(ByVal SaveAsUI As Boolean, Cancel As Boolean) Dim lo As ListObject Dim missing As Long ' Optional rule: refuse to save while required intake fields are blank. Set lo = Me.Worksheets("Intake").ListObjects("tblIntake") missing = Application.WorksheetFunction.CountBlank(lo.ListColumns("MRN").DataBodyRange) _ + Application.WorksheetFunction.CountBlank(lo.ListColumns("ESILevel").DataBodyRange) If missing > 0 Then Cancel = True WriteLog "Save blocked", missing & " blank MRN/ESILevel cell(s) in tblIntake" MsgBox missing & " required Intake cell(s) are blank (MRN or ESILevel)." & vbLf & _ "Fill them in, then save again.", vbExclamation, "Save cancelled" Exit Sub End If WriteLog "Save", IIf(SaveAsUI, "Save As dialog", "Save") End Sub | E10: — | F10: Workbook events run only from the ThisWorkbook module, and their names and arguments must match exactly, which is why picking them from the drop-downs beats typing. BeforeSave runs before Excel writes the file, so the Save row ends up inside the saved file. Setting Cancel = True stops the save. The solution uses that to refuse saving while a required Intake field is blank, and it logs the attempt before it exits.
A11: 7 | B11: Paste starter/BedBoard.cls into the BedBoard sheet's module and finish its Worksheet_Change handler. For each changed Status cell it should stamp StatusTime with Now and call WriteLog "Bed status", … once. Delete any "Bed status" rows that your testing left on the Log sheet, then make exactly these edits: • Change 4W-405B's Status to Dirty. • Select the Status cells of 4W-410A, 4W-410B, and 4W-411A, type Clean, and press Ctrl + Enter (Mac: ⌘ + Return) to fill all three at once. • In 4W-415A's Notes cell, type Bed alarm on. The gray cell counts the Log's "Bed status" rows. | C11: 4 | D11: Option Explicit ' Runs after cells on this sheet are changed by a person or by VBA. ' Target holds EVERY cell changed by that one action (it can be many cells). Private Sub Worksheet_Change(ByVal Target As Range) Dim lo As ListObject Dim changed As Range, cell As Range Dim r As Long Set lo = Me.ListObjects("tblBeds") ' React only to the Status column; ignore edits anywhere else on the sheet. Set changed = Intersect(Target, lo.ListColumns("Status").DataBodyRange) If changed Is Nothing Then Exit Sub On Error GoTo CleanUp Application.EnableEvents = False ' our own writes below must not fire this event again For Each cell In changed.Cells ' Tidy what was typed ("dirty" -> "Dirty"). Without EnableEvents = False, ' this write would fire Worksheet_Change again. If VarType(cell.Value) = vbString Then cell.Value = StrConv(Trim$(cell.Value), vbProperCase) r = cell.Row - lo.DataBodyRange.Row + 1 ' row number inside the table lo.ListColumns("StatusTime").DataBodyRange.Cells(r).Value = Now WriteLog "Bed status", lo.ListColumns("BedID").DataBodyRange.Cells(r).Value & " -> " & cell.Value Next cell CleanUp: Application.EnableEvents = True ' runs on success AND after an error If Err.Number <> 0 Then MsgBox "Bed board update failed: " & Err.Description, vbExclamation End Sub | E11: — | F11: Ctrl + Enter changes three cells in one action, so the event fires once with a 3-cell Target. A handler that reads only Target.Value or Target.Row logs 1 row instead of 3. The Notes edit fires the event too, but its Intersect with the Status column is Nothing, so the handler exits. Total: 1 + 3 = 4. EnableEvents = False stops the handler's own writes (the tidied status and the StatusTime stamp) from firing it again, and the CleanUp label turns events back on even after an error.
A12: 8 | B12: Build frmIntake (Guide §6–7) and use it to add these three ED arrivals on 12/31/2025. Type each arrival as yyyy-mm-dd hh:mm, for example 2025-12-31 11:41. • 11:41 · MRN 02718484 · King, Gerald · Walk-In · ESI 3 · Vomiting / Dizziness · interpreter needed • 11:44 · MRN 00787672 · Cruz, Bobby · Walk-In · ESI 4 · Vomiting / Dizziness · no interpreter • 11:52 · MRN 05525049 · Rice, Jennifer · Ambulance · ESI 2 · Shortness of Breath · no interpreter Then try to save a fourth record with MRN 787672. Your form must refuse it. The gray cell shows how many rows tblIntake has now. | C12: 72 | D12: Private Sub cmdSave_Click() Dim msg As String msg = ValidationMessage() If Len(msg) > 0 Then MsgBox "Please fix the following:" & vbLf & vbLf & msg, vbExclamation, "Intake not saved" Exit Sub ' keep the form open so the user can fix it End If AddIntakeRow lblStatus.Caption = "Saved: " & Trim$(txtLast.Value) & ", " & Trim$(txtFirst.Value) & _ " (MRN " & Trim$(txtMRN.Value) & ")" ClearForm ' ready for the next patient txtMRN.SetFocus End Sub Private Sub AddIntakeRow() Dim lo As ListObject Dim newRow As ListRow Dim nextID As Long Set lo = ThisWorkbook.Worksheets(TABLE_SHEET).ListObjects(TABLE_NAME) nextID = Application.WorksheetFunction.Max(lo.ListColumns("IntakeID").DataBodyRange) + 1 Set newRow = lo.ListRows.Add ' new empty row at the bottom; the Table grows SetField lo, newRow, "IntakeID", nextID SetField lo, newRow, "ArrivalDateTime", CDate(txtArrival.Value) ' a real date-time, not text newRow.Range.Cells(1, lo.ListColumns("MRN").Index).NumberFormat = "@" ' Text format first... SetField lo, newRow, "MRN", Trim$(txtMRN.Value) ' ...so leading zeros survive SetField lo, newRow, "LastName", Trim$(txtLast.Value) SetField lo, newRow, "FirstName", Trim$(txtFirst.Value) SetField lo, newRow, "ArrivalMode", cboArrivalMode.Value SetField lo, newRow, "ESILevel", SelectedESI() ' a number (Long) SetField lo, newRow, "ChiefComplaint", cboComplaint.Value SetField lo, newRow, "Interpreter", CBool(chkInterpreter.Value) ' TRUE / FALSE SetField lo, newRow, "EnteredBy", Application.UserName End Sub ' Writes one value into the named column of a ListRow. Private Sub SetField(ByVal lo As ListObject, ByVal r As ListRow, ByVal columnName As String, ByVal v As Variant) r.Range.Cells(1, lo.ListColumns(columnName).Index).Value = v End Sub | E12: — | F12: The table started with 69 arrivals, and three valid saves make 72. If you see 73, the 6-digit MRN got through, so check your Like "########" test (# matches exactly one digit). An extra, half-empty row instead means a run-time error stopped AddIntakeRow after ListRows.Add: delete that row (right-click → Delete → Table Rows) and fix the error. ListRows.Add grows the Table itself, so formats, formulas, and anything that refers to tblIntake pick up the new row automatically. The full form code is in solutions/frmIntake.vba.
A13: 9 | B13: How many MRNs in tblIntake are stored as 8-character text? The gray cell counts them with ISTEXT and LEN. If the count is lower than your row count in task 8, your form wrote some MRNs as numbers. Delete those rows, fix AddIntakeRow, and enter the patients again. | C13: 72 | D13: newRow.Range.Cells(1, lo.ListColumns("MRN").Index).NumberFormat = "@" ' Text format first... SetField lo, newRow, "MRN", Trim$(txtMRN.Value) ' ...so leading zeros survive | E13: — | F13: txtMRN.Value is the text "00787672". When VBA writes number-like text into a General-format cell, Excel converts it just as if you had typed it, so the cell stores 787672 and the leading zeros are gone. Formatting the cell as Text ("@") before writing keeps it as text, and so does writing "'" & mrn. Don't rely on the column's existing format: new Table rows copy whatever format the row above has.
A14: 10 | B14: How many arrivals in tblIntake are ESI level 1 or 2 now? The gray cell uses COUNTIFS(tblIntake[ESILevel],"<=2"), which counts only real numbers. | C14: 18 | D14: ' Option buttons have no single "value", so ask each one in turn. Private Function SelectedESI() As Long Dim i As Long For i = 1 To 5 If Me.Controls("optESI" & i).Value = True Then SelectedESI = i Exit Function End If Next i ' none selected: the function returns 0 End Function | E14: — | F14: Option buttons don't share a single value, so SelectedESI asks optESI1 to optESI5 in turn and returns the number of the one that's selected (0 if none, which validation rejects). Writing that Long keeps ESILevel numeric, so COUNTIFS, AVERAGE, and PivotTables all work. 17 of the original 69 arrivals were ESI 1–2, and Jennifer Rice (ESI 2) brings the total to 18.
A15: 11 | B15: Finish CombineCensusFiles in modReports so it loops through every .csv file in the census_monthly folder with Dir, opens each one, copies its data rows (not its header) to the next empty row of the Combined sheet, and closes it without saving. Run it. The gray cell counts the data rows on Combined, or shows a message if column A holds text or blank rows. | C15: 6570 | D15: Public Sub CombineCensusFiles() Dim sep As String, folder As String, fileName As String Dim wsOut As Worksheet, wbSrc As Workbook, body As Range Dim nextRow As Long, nFiles As Long sep = Application.PathSeparator If Len(ThisWorkbook.Path) = 0 Or LCase$(Left$(ThisWorkbook.Path, 4)) = "http" Then MsgBox "Save this workbook in a folder on your computer first " & _ "(a OneDrive/SharePoint web path won't work with Dir).", vbExclamation Exit Sub End If ' The CSV folder sits next to this workbook; its name is in Settings!B4. folder = ThisWorkbook.Path & sep & ThisWorkbook.Worksheets("Settings").Range("B4").Value If Len(Dir(folder, vbDirectory)) = 0 Then MsgBox "Folder not found:" & vbLf & folder, vbExclamation Exit Sub End If folder = folder & sep On Error GoTo Fail Application.ScreenUpdating = False Set wsOut = ThisWorkbook.Worksheets("Combined") wsOut.Range("A2:H" & wsOut.Rows.Count).ClearContents ' keep the headers in row 1 nextRow = 2 fileName = Dir(folder) ' first file in the folder (any type) Do While Len(fileName) > 0 If LCase$(fileName) Like "*.csv" Then ' skip README.txt and anything else Set wbSrc = Workbooks.Open(Filename:=folder & fileName) Set body = wbSrc.Worksheets(1).Range("A1").CurrentRegion If body.Rows.Count > 1 Then Set body = body.Offset(1, 0).Resize(body.Rows.Count - 1) ' drop the header row wsOut.Cells(nextRow, 1).Resize(body.Rows.Count, body.Columns.Count).Value = body.Value nextRow = nextRow + body.Rows.Count End If wbSrc.Close SaveChanges:=False Set wbSrc = Nothing nFiles = nFiles + 1 End If fileName = Dir() ' next file: no arguments! Loop wsOut.Columns("A").NumberFormat = "mm/dd/yyyy" WriteLog "Combine", nFiles & " files, " & (nextRow - 2) & " rows" CleanUp: Application.ScreenUpdating = True Exit Sub Fail: If Not wbSrc Is Nothing Then wbSrc.Close SaveChanges:=False ' never leave a source file open MsgBox "Combine failed on " & fileName & ":" & vbLf & Err.Description, vbExclamation Resume CleanUp End Sub | E15: — | F15: 12 files × 18 units × the days in each month = 6,570 rows. The gray cell also inspects column A (CensusDate), where every cell should be a real date. "Text rows found" means header rows or README.txt lines were copied in: drop each file's header with Offset(1, 0).Resize(rows − 1), and skip other files with LCase$(fileName) Like "*.csv". "Blank rows found" means each file left an empty row behind. That happens with Offset(1, 0) alone, because the shifted block keeps the header's row in its count and so ends one row below the data. Because the macro clears row 2 down first, running it twice gives the same count instead of doubling it.
A16: 12 | B16: Now analyze what your macro imported. In the yellow cell, write one formula that reads the Combined sheet: what was the 2025 occupancy of Bluestone Memorial's Intensive Care Unit (DeptID D130)? Use patient days (sum of MidnightCensus) ÷ bed days (sum of StaffedBeds), as a percentage to 1 decimal place. | C16: 0.8339726 | D16: =SUMIFS(Combined!H:H,Combined!C:C,"D130")/SUMIFS(Combined!E:E,Combined!C:C,"D130") | E16: — | F16: Occupancy for a period is total patient days ÷ total bed days, the same total-over-total rule as in Lesson 1.4. Whole-column references such as Combined!H:H suit a sheet that a macro refills, because the formula keeps working however many rows arrive next month.

Sheet Bonus Key
A1: 🔑 Bonus Key — Lesson 5.5
A2: Spoiler alert: try every task before reading this sheet. Column C is the value the Check column compares against, and column D shows a sample solution (steps or code).
A4: # | B4: Task | C4: Answer | D4: Sample solution | E4: Live result | F4: Explanation
A5: B1 | B5: What was the December 2025 average daily census (ADC) of Bluestone Memorial's Intensive Care Unit (D130)? The gray cell looks it up on Report_2025-12. | C5: 18.129032 | D5: Public Sub BuildCensusReport() Const FIRST_ROW As Long = 4 ' first unit row on the report Dim wsSet As Worksheet, wsData As Worksheet, wsRep As Worksheet Dim reportMonth As Date, monthEnd As Date, nDays As Long Dim data As Variant, r As Long, i As Long, k As Long, n As Long Dim unitIdx As Collection Dim ids() As String, unitNames() As String, facs() As String Dim pd() As Double, bd() As Double, totPD As Double, totBD As Double Dim sheetName As String, sep As String, folder As String, pdfPath As String, ext As String Dim lastRow As Long, totalRow As Long On Error GoTo Fail Set wsSet = ThisWorkbook.Worksheets("Settings") If Not IsDate(wsSet.Range("B3").Value) Then Err.Raise vbObjectError + 513, , "Settings!B3 (ReportMonth) must be a date." reportMonth = DateSerial(Year(wsSet.Range("B3").Value), Month(wsSet.Range("B3").Value), 1) monthEnd = DateSerial(Year(reportMonth), Month(reportMonth) + 1, 0) ' day 0 of next month = last day nDays = Day(monthEnd) ' Step 1: refresh the Combined sheet from the CSV folder CombineCensusFiles Set wsData = ThisWorkbook.Worksheets("Combined") lastRow = wsData.Cells(wsData.Rows.Count, "A").End(xlUp).Row If lastRow < 2 Then Err.Raise vbObjectError + 514, , "The Combined sheet is empty. Check the CSV folder." data = wsData.Range("A2:H" & lastRow).Value ' one fast read into memory ' Step 2: total patient days and bed days per unit for the report month. ' unitIdx maps DeptID -> position in the arrays (a Collection works on Mac too). Set unitIdx = New Collection For r = 1 To UBound(data, 1) If data(r, 1) >= reportMonth And data(r, 1) <= monthEnd Then k = UnitIndex(unitIdx, CStr(data(r, 3))) If k = 0 Then ' first row for this unit n = n + 1 ReDim Preserve ids(1 To n): ReDim Preserve unitNames(1 To n): ReDim Preserve facs(1 To n) ReDim Preserve pd(1 To n): ReDim Preserve bd(1 To n) ids(n) = CStr(data(r, 3)) unitNames(n) = CStr(data(r, 4)) facs(n) = CStr(data(r, 2)) unitIdx.Add n, ids(n) k = n End If pd(k) = pd(k) + data(r, 8) ' MidnightCensus -> patient days bd(k) = bd(k) + data(r, 5) ' StaffedBeds -> bed days End If Next r If n = 0 Then Err.Raise vbObjectError + 515, , "No census rows for " & Format(reportMonth, "mmmm yyyy") & "." ' Step 3: rebuild this month's report sheet sheetName = "Report_" & Format(reportMonth, "yyyy-mm") Application.ScreenUpdating = False Application.DisplayAlerts = False On Error Resume Next ThisWorkbook.Worksheets(sheetName).Delete ' no error if it doesn't exist yet On Error GoTo Fail Application.DisplayAlerts = True Set wsRep = ThisWorkbook.Worksheets.Add(After:=ThisWorkbook.Worksheets(ThisWorkbook.Worksheets.Count)) wsRep.Name = sheetName With wsRep .Range("A1").Value = "Bluestone Health System - Inpatient Census Report - " & Format(reportMonth, "mmmm yyyy") .Range("A3:G3").Value = Array("DeptID", "Unit", "Facility", "PatientDays", "BedDays", "ADC", "Occupancy") For i = 1 To n .Cells(FIRST_ROW + i - 1, 1).Resize(1, 7).Value = _ Array(ids(i), unitNames(i), facs(i), pd(i), bd(i), pd(i) / nDays, pd(i) / bd(i)) totPD = totPD + pd(i) totBD = totBD + bd(i) Next i .Range("A" & FIRST_ROW).Resize(n, 7).Sort Key1:=.Range("G" & FIRST_ROW), Order1:=xlDescending, Header:=xlNo totalRow = FIRST_ROW + n .Cells(totalRow, 1).Resize(1, 7).Value = _ Array("Total", "All units", "", totPD, totBD, totPD / nDays, totPD / totBD) .Range("A1").Font.Bold = True .Range("A1").Font.Size = 14 .Range("A3:G3").Font.Bold = True .Range("A" & totalRow & ":G" & totalRow).Font.Bold = True .Range("D4:E" & totalRow).NumberFormat = "#,##0" .Range("F4:F" & totalRow).NumberFormat = "0.0" .Range("G4:G" & totalRow).NumberFormat = "0.0%" .Range("A3:G" & totalRow).Columns.AutoFit With .PageSetup .Orientation = xlLandscape .Zoom = False ' required before FitToPages* takes effect .FitToPagesWide = 1 .FitToPagesTall = False .CenterFooter = "Page &P of &N" End With End With ' Step 4: export the report sheet to PDF and record where it went sep = Application.PathSeparator folder = ThisWorkbook.Path & sep & wsSet.Range("B5").Value If Len(Dir(folder, vbDirectory)) = 0 Then MkDir folder pdfPath = folder & sep & "CensusReport_" & Format(reportMonth, "yyyy-mm") & ".pdf" wsRep.ExportAsFixedFormat Type:=xlTypePDF, Filename:=pdfPath, Quality:=xlQualityStandard, _ IncludeDocProperties:=True, IgnorePrintAreas:=False, OpenAfterPublish:=False wsSet.Range("B6").Value = pdfPath ' Step 5: timestamped backup of the whole workbook (you stay in the original) ext = Mid$(ThisWorkbook.Name, InStrRev(ThisWorkbook.Name, ".")) ThisWorkbook.SaveCopyAs folder & sep & "CensusReport_" & Format(reportMonth, "yyyy-mm") & _ "_built_" & Format(Now, "yyyy-mm-dd_hhnn") & ext WriteLog "Report", sheetName & " -> " & pdfPath wsRep.Activate MsgBox "Report ready:" & vbLf & pdfPath, vbInformation CleanUp: Application.DisplayAlerts = True Application.ScreenUpdating = True Exit Sub Fail: MsgBox "Report failed: " & Err.Description, vbExclamation WriteLog "Report error", Err.Description Resume CleanUp End Sub ' Position stored for key in the Collection, or 0 if the key isn't there yet. Private Function UnitIndex(ByVal idx As Collection, ByVal key As String) As Long On Error Resume Next UnitIndex = idx.Item(key) ' error 5 when the key is missing -> stays 0 On Error GoTo 0 End Function | E5: — | F5: The macro reads Combined into an array once, then loops in memory. That's far faster than reading cells one by one. A Collection maps each DeptID to its position in the parallel arrays (UnitIndex returns 0 for a new unit), which works on Windows and Mac. Scripting.Dictionary (Lesson 5.4) would also work, but it's Windows-only. DateSerial(y, m + 1, 0) returns the last day of the month, so the same code handles 28-, 30-, and 31-day months.
A6: B2 | B6: Which unit (DeptID) had the highest occupancy in December 2025? The gray cell reads the first unit row of Report_2025-12, so your sort must be right. | C6: D210 | D6: .Range("A" & FIRST_ROW).Resize(n, 7).Sort Key1:=.Range("G" & FIRST_ROW), _ Order1:=xlDescending, Header:=xlNo | E6: — | F6: D210 (Medical-Surgical, F02) ran at 94.5%, just ahead of D190 at 93.9%. Sort before you write the Total row. Otherwise the Total row gets sorted in with the units.
A7: B3 | B7: What was the system-wide inpatient occupancy in December 2025? The gray cell reads it from the Total row of Report_2025-12. | C7: 0.84239631 | D7: totPD / totBD ' total patient days / total bed days across all units | E7: — | F7: 9,140 patient days ÷ 10,850 bed days = 84.2%. Averaging the 18 unit percentages would give every unit equal weight, so the 8-bed Intensive Care Unit at Ashby Falls would count as much as the 36-bed 4 West.
A8: B4 | B8: After rerunning for January 2025, which DeptID tops Report_2025-01? | C8: D110 | D8: reportMonth = DateSerial(Year(wsSet.Range("B3").Value), Month(wsSet.Range("B3").Value), 1) sheetName = "Report_" & Format(reportMonth, "yyyy-mm") | E8: — | F8: January's leader is D110 (Medical-Surgical 4 West) at 94.8%. Reading the month from a Settings cell instead of hard-coding it is what turns a one-off macro into a reusable report: next month, someone changes one cell and clicks once.
A9: B5 | B9: What is the file name (without the folder) of the last PDF your macro exported? The gray cell pulls it from the full path in Settings!B6. | C9: CensusReport_2025-01.pdf | D9: pdfPath = folder & sep & "CensusReport_" & Format(reportMonth, "yyyy-mm") & ".pdf" wsRep.ExportAsFixedFormat Type:=xlTypePDF, Filename:=pdfPath, Quality:=xlQualityStandard, _ IncludeDocProperties:=True, IgnorePrintAreas:=False, OpenAfterPublish:=False wsSet.Range("B6").Value = pdfPath | E9: — | F9: After the January rerun the answer is CensusReport_2025-01.pdf (the check also accepts the December name if you ran December last). Recording the output path in a cell leaves an audit trail and lets the next step, such as an email or a Power Automate flow, find the file. The gray formula turns every \ into /, then keeps the text after the last /, so it works with Windows and Mac paths.
