Workbook

Sheet Start Here
B2: Lesson 5.1
B3: Recording Your First Macros
B4: Expert · about 110 minutes · Bluestone Health System (fictional)
B6: What you'll learn
B7: • | C7: Show the Developer tab and set macro security safely
B8: • | C8: Record, run, and save macros in a macro-enabled workbook (.xlsm)
B9: • | C9: Choose between absolute and relative recording
B10: • | C10: Run macros from buttons, shortcuts, and the Quick Access Toolbar — and read the recorded code
B12: How to use this workbook
B13: 1. Read the guide | C13: The lesson guide (README) explains each skill with examples: https://github.com/lmansf/learn-excel/tree/main/05-automation-vba/01-recording-macros
B14: 2. Practice | C14: Go to the 'Practice' sheet. Type your answers in the yellow cells. The gray cells read the TOTAL rows your macro writes on the census sheets.
B15: 3. Check yourself | C15: The Check column shows ✔ Correct (green) or ✘ Not yet (red). Tasks marked 'See key' are checked by comparing your work with the answer key.
B16: 4. Bonus | C16: Finished? Try the harder 'Bonus' sheet.
B17: 5. Answers | C17: The 'Answer Key' and 'Bonus Key' sheets are hidden. Right-click any sheet tab → Unhide… → pick one → OK. (Try first!)
B18: Note | C18: This workbook is an .xlsx file, so it can't store macros. Before you record, use File → Save As (F12; Mac: ⌘ + Shift + S) and choose Excel Macro-Enabled Workbook (*.xlsm).
B19: Note | C19: Ctrl + Z can't undo a macro. Save before you run a macro you just recorded, so you can close without saving if it goes wrong.
B20: Note | C20: Reference macros (.bas files) are in the lesson's solutions/ folder on GitHub. They're spoilers, so record your own first.
B22: Color legend
B23: Yellow cell | C23: Your answer goes here.
B24: Gray cell | C24: Pre-filled summary formula. It reads the work you did on another sheet, so don't type over it.
B25: ✔ Correct | C25: Your answer matches the key.
B26: ✘ Not yet | C26: Not matching yet. Check the hint and try again.
B28: Sheets in this workbook
B29: Practice | C29: 13 practice tasks, each with a Check cell.
B30: Census_Nov | C30: Data: 30 rows
B31: Census_Dec | C31: Data: 31 rows
B32: ED_Nov | C32: Data: 80 rows
B33: ED_Dec | C33: Data: 93 rows
B34: Bonus | C34: The bonus challenge (5 parts).
B35: About the data | C35: Raw daily census exports for the Medical-Surgical unit at Cedar Ridge Medical Center (November and December 2025), plus the hospital's raw Emergency Department visit exports for the same two months (bonus).
B36: Disclaimer | C36: All people, places, and numbers are synthetic and fictional. Not clinical guidance.

Sheet Practice
A1: Lesson 5.1 · Practice
A2: Tasks 1–6, 9 and 13 are quick checks: type your answer in the yellow cell. Tasks 7, 8, 11 and 12 have gray cells that read the TOTAL rows your macro writes on Census_Nov and Census_Dec, so you don't type anything there. Task 10 has nothing to check: compare your buttons with the answer key. Save this file as an .xlsm before you record anything (task 1).
A3: Type your answer in each yellow cell. The gray cells fill in by themselves once your macro has run. The Check column turns green when your answer matches. Stuck? Read the hint, then the lesson guide. Answers: right-click a sheet tab → Unhide… → 'Answer Key'.
A4: ="Score: "&COUNTIF(E6:E18,"✔*")&" of 12 auto-checked tasks correct"
A5: # | B5: Task | C5: Hint | D5: Your Answer | E5: Check
A6: 1 | B6: This workbook is an .xlsx file, which can't store macros. Which file extension does the Excel Macro-Enabled Workbook format use, the format you save it in before you record? Type the extension, like .xlsx | C6: File → Save As shows each format's extension in the Save as type list | E6: =IF(IFERROR(D6="",FALSE),"",IF(IFERROR(OR(LOWER(TRIM(D6&""))=LOWER(TRIM('Answer Key'!$C$5&"")),LOWER(TRIM(D6&""))="xlsm",LOWER(TRIM(D6&""))="*.xlsm"),FALSE),"✔ Correct","✘ Not yet"))
A7: 2 | B7: A colleague emails you Census_Report.xlsm. When you open it, a red bar says Microsoft has blocked macros because the source of this file is untrusted. Which is the safe way to run its macros? Type the letter. A: Change the Trust Center to Enable VBA macros. B: Confirm with the colleague that they sent it, save it to your computer, then right-click the file → Properties → tick Unblock. C: Click Enable Content on the red bar. D: Rename the file to .xlsx. | C7: The red bar has no Enable button. Look at the file's Properties | E7: =IF(IFERROR(D7="",FALSE),"",IF(IFERROR(OR(LOWER(TRIM(D7&""))=LOWER(TRIM('Answer Key'!$C$6&""))),FALSE),"✔ Correct","✘ Not yet"))
A8: 3 | B8: Which function key do you press with Alt (Mac: Option) to open the Visual Basic Editor? Type just the key, like F5. | C8: It's also on the Developer tab: Visual Basic | E8: =IF(IFERROR(D8="",FALSE),"",IF(IFERROR(OR(LOWER(TRIM(D8&""))=LOWER(TRIM('Answer Key'!$C$7&"")),LOWER(TRIM(D8&""))="alt+f11",LOWER(TRIM(D8&""))="alt + f11",LOWER(TRIM(D8&""))="option+f11",LOWER(TRIM(D8&""))="option + f11"),FALSE),"✔ Correct","✘ Not yet"))
A9: 4 | B9: On Windows, what is the file name (with extension) of the Personal Macro Workbook, the hidden workbook that makes a macro available in every workbook you open? | C9: It's a binary workbook stored in the XLSTART folder | E9: =IF(IFERROR(D9="",FALSE),"",IF(IFERROR(OR(LOWER(TRIM(D9&""))=LOWER(TRIM('Answer Key'!$C$8&""))),FALSE),"✔ Correct","✘ Not yet"))
A10: 5 | B10: With Use Relative References OFF, you click Record Macro, click cell B3, type Verified, press Enter, and stop recording. Later you select H10 and run the macro. Which cell receives Verified? Type the address, like A1. | C10: Absolute recording stores the address you clicked | E10: =IF(IFERROR(D10="",FALSE),"",IF(IFERROR(OR(LOWER(TRIM(D10&""))=LOWER(TRIM('Answer Key'!$C$9&"")),LOWER(TRIM(D10&""))="$b$3"),FALSE),"✔ Correct","✘ Not yet"))
A11: 6 | B11: This time A1 is selected when you click Record Macro. You turn ON Use Relative References, click B3, type Verified, press Enter, and stop. Later you select H10 and run the macro. Which cell receives Verified? | C11: Count how far you moved from A1 to B3, then make the same move from H10 | E11: =IF(IFERROR(D11="",FALSE),"",IF(IFERROR(OR(LOWER(TRIM(D11&""))=LOWER(TRIM('Answer Key'!$C$10&"")),LOWER(TRIM(D11&""))="$i$12"),FALSE),"✔ Correct","✘ Not yet"))
A12: 7 | B12: Record the FormatCensusReport macro on the Census_Nov sheet by following the recipe in Guide section 7 (TOTAL row recorded with relative references, shortcut Ctrl + Shift + R). The gray cell finds the row your macro labeled TOTAL and reads its MidnightCensus cell, which should equal November's patient days. | C12: Guide section 7 has the click-by-click recipe | D12: {=IFERROR(INDEX(Census_Nov!G:G,MATCH("TOTAL",Census_Nov!A:A,0)),"")} | E12: =IF(IFERROR(D12="",FALSE),"",IF(IFERROR(AND(ISNUMBER(D12),OR(ABS(D12-'Answer Key'!$C$11)<=0.0001)),FALSE),"✔ Correct","✘ Not yet"))
A13: 8 | B13: Step 10 of the recipe in Guide section 7 put the month's occupancy in column H of your TOTAL row on Census_Nov: total patient days divided by total staffed-bed days, formatted as a percentage with 1 decimal place. The gray cell reads that cell. | C13: Patient days are in column G, staffed-bed days in column D | D13: {=IFERROR(INDEX(Census_Nov!H:H,MATCH("TOTAL",Census_Nov!A:A,0)),"")} | E13: =IF(IFERROR(D13="",FALSE),"",IF(IFERROR(AND(ISNUMBER(D13),OR(ABS(D13-'Answer Key'!$C$12)<=0.00051,ABS(D13-'Answer Key'!$C$12*100)<=0.051000000000000004)),FALSE),"✔ Correct","✘ Not yet"))
A14: 9 | B14: In the Record Macro dialog you typed an uppercase R in the Shortcut key box. Which key combination runs the macro on Windows? Type it like Ctrl+Alt+X. | C14: An uppercase letter adds a key | E14: =IF(IFERROR(D14="",FALSE),"",IF(IFERROR(OR(LOWER(TRIM(D14&""))=LOWER(TRIM('Answer Key'!$C$13&"")),LOWER(TRIM(D14&""))="ctrl + shift + r",LOWER(TRIM(D14&""))="shift+ctrl+r",LOWER(TRIM(D14&""))="shift + ctrl + r",LOWER(TRIM(D14&""))="control+shift+r",LOWER(TRIM(D14&""))="ctrl shift r",LOWER(TRIM(D14&""))="ctrl-shift-r"),FALSE),"✔ Correct","✘ Not yet"))
A15: 10 | B15: Add two more ways to run FormatCensusReport: (a) a button on the Census_Dec sheet labeled Build report, and (b) a button on the Quick Access Toolbar. Don't click them yet. | C15: Right-click a shape → Assign Macro | E15: See key
A16: 11 | B16: Go to Census_Dec and run your macro (Ctrl + Shift + R or your button). December has 31 days. The gray cell finds your TOTAL row and counts the daily rows above it. It should show all 31 days. | C16: If it shows 30, your TOTAL row overwrote a day | D16: {=IFERROR(MATCH("TOTAL",Census_Dec!A:A,0)-2,"")} | E16: =IF(IFERROR(D16="",FALSE),"",IF(IFERROR(AND(ISNUMBER(D16),OR(ABS(D16-'Answer Key'!$C$15)<=0.0001)),FALSE),"✔ Correct","✘ Not yet"))
A17: 12 | B17: On Census_Dec, the gray cell reads the MidnightCensus total in your TOTAL row. It should equal December's patient days (all 31 days). | C17: Did you anchor the first row with a $ when you typed the SUM? | D17: {=IFERROR(INDEX(Census_Dec!G:G,MATCH("TOTAL",Census_Dec!A:A,0)),"")} | E17: =IF(IFERROR(D17="",FALSE),"",IF(IFERROR(AND(ISNUMBER(D17),OR(ABS(D17-'Answer Key'!$C$16)<=0.0001)),FALSE),"✔ Correct","✘ Not yet"))
A18: 13 | B18: Read this recorded line: ActiveCell.FormulaR1C1 = "=SUM(R[-31]C[-1]:R[-1]C[-1])". If it runs while H33 is the active cell, which range does the SUM add up? Type it like A1:A9. | C18: Square brackets count from the formula's own cell: R for rows, C for columns | E18: =IF(IFERROR(D18="",FALSE),"",IF(IFERROR(OR(LOWER(TRIM(D18&""))=LOWER(TRIM('Answer Key'!$C$17&"")),LOWER(TRIM(D18&""))="$g$2:$g$32"),FALSE),"✔ Correct","✘ Not yet"))

Sheet Census_Nov
A1: CensusDate | B1: FacilityID | C1: DeptID | D1: StaffedBeds | E1: Admissions | F1: Discharges | G1: MidnightCensus
A2: 45962 | B2: F03 | C2: D310 | D2: 30 | E2: 8 | F2: 5 | G2: 28
A3: 45963 | B3: F03 | C3: D310 | D3: 30 | E3: 11 | F3: 11 | G3: 28
A4: 45964 | B4: F03 | C4: D310 | D4: 30 | E4: 6 | F4: 5 | G4: 29
A5: 45965 | B5: F03 | C5: D310 | D5: 30 | E5: 9 | F5: 9 | G5: 29
A6: 45966 | B6: F03 | C6: D310 | D6: 30 | E6: 8 | F6: 8 | G6: 29
A7: 45967 | B7: F03 | C7: D310 | D7: 30 | E7: 7 | F7: 8 | G7: 28
A8: 45968 | B8: F03 | C8: D310 | D8: 30 | E8: 6 | F8: 6 | G8: 28
A9: 45969 | B9: F03 | C9: D310 | D9: 30 | E9: 5 | F9: 4 | G9: 29
A10: 45970 | B10: F03 | C10: D310 | D10: 30 | E10: 7 | F10: 9 | G10: 27
A11: 45971 | B11: F03 | C11: D310 | D11: 30 | E11: 9 | F11: 10 | G11: 26
A12: 45972 | B12: F03 | C12: D310 | D12: 30 | E12: 3 | F12: 2 | G12: 27
A13: 45973 | B13: F03 | C13: D310 | D13: 30 | E13: 5 | F13: 5 | G13: 27
... A31: 45991 | B31: F03 | C31: D310 | D31: 30 | E31: 7 | F31: 4 | G31: 28

Sheet Census_Dec
A1: CensusDate | B1: FacilityID | C1: DeptID | D1: StaffedBeds | E1: Admissions | F1: Discharges | G1: MidnightCensus
A2: 45992 | B2: F03 | C2: D310 | D2: 30 | E2: 4 | F2: 3 | G2: 29
A3: 45993 | B3: F03 | C3: D310 | D3: 30 | E3: 6 | F3: 6 | G3: 29
A4: 45994 | B4: F03 | C4: D310 | D4: 30 | E4: 5 | F4: 5 | G4: 29
A5: 45995 | B5: F03 | C5: D310 | D5: 30 | E5: 9 | F5: 9 | G5: 29
A6: 45996 | B6: F03 | C6: D310 | D6: 30 | E6: 10 | F6: 12 | G6: 27
A7: 45997 | B7: F03 | C7: D310 | D7: 30 | E7: 1 | F7: 2 | G7: 26
A8: 45998 | B8: F03 | C8: D310 | D8: 30 | E8: 3 | F8: 2 | G8: 27
A9: 45999 | B9: F03 | C9: D310 | D9: 30 | E9: 10 | F9: 8 | G9: 29
A10: 46000 | B10: F03 | C10: D310 | D10: 30 | E10: 9 | F10: 11 | G10: 27
A11: 46001 | B11: F03 | C11: D310 | D11: 30 | E11: 5 | F11: 5 | G11: 27
A12: 46002 | B12: F03 | C12: D310 | D12: 30 | E12: 5 | F12: 4 | G12: 28
A13: 46003 | B13: F03 | C13: D310 | D13: 30 | E13: 2 | F13: 2 | G13: 28
... A32: 46022 | B32: F03 | C32: D310 | D32: 30 | E32: 9 | F32: 8 | G32: 28

Sheet ED_Nov
A1: EDVisitID | B1: PatientID | C1: ArrivalDateTime | D1: ArrivalMode | E1: ESILevel | F1: ChiefComplaint | G1: TriageDateTime | H1: ProviderSeenDateTime | I1: DepartureDateTime | J1: EDDisposition
A2: ED211177 | B2: PT10005 | C2: 45962.227 | D2: Walk-In | E2: 2 | F2: Abdominal Pain / Vomiting | G2: 45962.23 | H2: 45962.231 | I2: 45962.359 | J2: Admitted
A3: ED211633 | B3: PT10010 | C3: 45988.652 | D3: Walk-In | E3: 4 | F3: Ankle Injury | G3: 45988.662 | H3: 45988.672 | I3: 45988.743 | J3: Discharged
A4: ED211414 | B4: PT10062 | C4: 45976.315 | D4: Walk-In | E4: 3 | F4: Abdominal Pain | G4: 45976.322 | H4: 45976.355 | I4: 45976.452 | J4: Discharged
A5: ED211461 | B5: PT10074 | C5: 45978.546 | D5: Walk-In | E5: 3 | F5: Chest Pain | G5: 45978.554 | H5: 45978.559 | I5: 45978.666 | J5: Discharged
A6: ED211480 | B6: PT10177 | C6: 45979.636 | D6: Walk-In | E6: 3 | F6: Tremors / Alcohol Withdrawal | G6: 45979.646 | H6: 45979.653 | I6: 45979.779 | J6: Discharged
A7: ED211597 | B7: PT10181 | C7: 45985.731 | D7: Walk-In | E7: 4 | F7: Nausea | G7: 45985.736 | H7: 45985.806 | I7: 45985.887 | J7: Discharged
A8: ED211590 | B8: PT10387 | C8: 45985.55 | D8: Ambulance | E8: 2 | F8: Fever / Altered Mental Status | G8: 45985.553 | H8: 45985.556 | I8: 45985.831 | J8: Admitted
A9: ED211274 | B9: PT10398 | C9: 45967.711 | D9: Walk-In | E9: 3 | F9: Cough / Fever | G9: 45967.717 | H9: 45967.753 | I9: 45967.915 | J9: Discharged
A10: ED211544 | B10: PT10460 | C10: 45982.758 | D10: Walk-In | E10: 3 | F10: Shortness of Breath | G10: 45982.76 | H10: 45982.786 | I10: 45982.902 | J10: Discharged
A11: ED211536 | B11: PT10463 | C11: 45982.245 | D11: Walk-In | E11: 3 | F11: Cough / Fever | G11: 45982.249 | H11: 45982.257 | I11: 45982.374 | J11: Discharged
A12: ED211686 | B12: PT10475 | C12: 45991.581 | D12: Walk-In | E12: 4 | F12: Cough / Fever | G12: 45991.589 | H12: 45991.614 | I12: 45991.652 | J12: Discharged
A13: ED211509 | B13: PT10510 | C13: 45980.769 | D13: Walk-In | E13: 3 | F13: Cough / Fever | G13: 45980.78 | H13: 45980.794 | I13: 45981.009 | J13: Admitted
... A61: ED211198 | B61: PT12749 | C61: 45963.883 | D61: Walk-In | E61: 3 | F61: Rash | G61: 45963.887 | H61: 45963.899 | I61: 45964.103 | J61: Admitted
A62: ED211576 | B62: PT12774 | C62: 45984.733 | D62: Walk-In | E62: 4 | F62: Cough / Fever | G62: 45984.739 | I62: 45984.783 | J62: LWBS
A63: ED211238 | B63: PT12802 | C63: 45965.569 | D63: Walk-In | E63: 3 | F63: Abdominal Pain | G63: 45965.576 | H63: 45965.613 | I63: 45965.726 | J63: Discharged
A64: ED211429 | B64: PT12851 | C64: 45977.26 | D64: Walk-In | E64: 3 | F64: Shortness of Breath | G64: 45977.265 | H64: 45977.271 | I64: 45977.437 | J64: Admitted
A65: ED211631 | B65: PT12893 | C65: 45988.596 | D65: Walk-In | E65: 4 | F65: Cough / Fever | G65: 45988.602 | H65: 45988.651 | I65: 45988.713 | J65: Discharged
A66: ED211194 | B66: PT12896 | C66: 45963.582 | D66: Ambulance | E66: 3 | F66: Skin Redness / Swelling | G66: 45963.59 | H66: 45963.599 | I66: 45963.801 | J66: Admitted
A67: ED211535 | B67: PT12929 | C67: 45982.092 | D67: Walk-In | E67: 4 | F67: Painful Urination / Fever | G67: 45982.097 | H67: 45982.111 | I67: 45982.147 | J67: Discharged
A68: ED211212 | B68: PT12938 | C68: 45964.41 | D68: Walk-In | E68: 2 | F68: High Blood Sugar | G68: 45964.415 | H68: 45964.431 | I68: 45964.598 | J68: Discharged
A69: ED211595 | B69: PT12989 | C69: 45985.688 | D69: Walk-In | E69: 3 | F69: Vomiting / Dizziness | G69: 45985.69 | I69: 45985.797 | J69: LWBS
A70: ED211318 | B70: PT13110 | C70: 45970.01 | D70: Walk-In | E70: 2 | F70: Palpitations | G70: 45970.013 | H70: 45970.014 | I70: 45970.117 | J70: Discharged
A71: ED211348 | B71: PT13179 | C71: 45972.275 | D71: Walk-In | E71: 3 | F71: Ankle Injury | G71: 45972.279 | H71: 45972.287 | I71: 45972.367 | J71: Discharged
A72: ED211575 | B72: PT13217 | C72: 45984.728 | D72: Walk-In | E72: 3 | F72: Painful Urination / Fever | G72: 45984.732 | H72: 45984.76 | I72: 45984.993 | J72: Observation
A73: ED211669 | B73: PT13427 | C73: 45990.449 | D73: Walk-In | E73: 3 | F73: Abdominal Pain | G73: 45990.458 | H73: 45990.478 | I73: 45990.609 | J73: Discharged
A74: ED211693 | B74: PT13519 | C74: 45991.724 | D74: Walk-In | E74: 4 | F74: Skin Redness / Swelling | G74: 45991.727 | H74: 45991.747 | I74: 45992.024 | J74: Admitted
A75: ED211467 | B75: PT13560 | C75: 45978.927 | D75: Walk-In | E75: 3 | F75: Shortness of Breath | G75: 45978.931 | I75: 45978.976 | J75: LWBS
A76: ED211580 | B76: PT13575 | C76: 45984.972 | D76: Ambulance | E76: 5 | F76: Nausea | G76: 45984.979 | H76: 45984.981 | I76: 45985.047 | J76: Discharged
A77: ED211294 | B77: PT13601 | C77: 45968.849 | D77: Walk-In | E77: 4 | F77: Fall | G77: 45968.859 | H77: 45968.886 | I77: 45968.915 | J77: Discharged
A78: ED211547 | B78: PT13628 | C78: 45982.795 | D78: Walk-In | E78: 4 | F78: Abdominal Pain | G78: 45982.805 | H78: 45982.844 | I78: 45982.915 | J78: Discharged
A79: ED211684 | B79: PT13702 | C79: 45991.501 | D79: Walk-In | E79: 2 | F79: Fainting | G79: 45991.508 | H79: 45991.51 | I79: 45991.606 | J79: Discharged
A80: ED211673 | B80: PT13869 | C80: 45990.728 | D80: Walk-In | E80: 3 | F80: Cough / Fever | G80: 45990.732 | H80: 45990.74 | I80: 45990.826 | J80: Discharged
A81: ED211193 | B81: PT13940 | C81: 45963.574 | D81: Ambulance | E81: 2 | F81: Skin Redness / Swelling | G81: 45963.578 | H81: 45963.582 | I81: 45963.73 | J81: Observation

Sheet ED_Dec
A1: EDVisitID | B1: PatientID | C1: ArrivalDateTime | D1: ArrivalMode | E1: ESILevel | F1: ChiefComplaint | G1: TriageDateTime | H1: ProviderSeenDateTime | I1: DepartureDateTime | J1: EDDisposition
A2: ED211764 | B2: PT10032 | C2: 45995.462 | D2: Walk-In | E2: 5 | F2: Ankle Injury | G2: 45995.466 | H2: 45995.578 | I2: 45995.631 | J2: Discharged
A3: ED212107 | B3: PT10032 | C3: 46012.511 | D3: Walk-In | E3: 4 | F3: Cough / Fever | G3: 46012.516 | I3: 46012.608 | J3: LWBS
A4: ED212086 | B4: PT10052 | C4: 46011.268 | D4: Ambulance | E4: 2 | F4: Chest Pain | G4: 46011.273 | H4: 46011.274 | I4: 46011.327 | J4: Left AMA
A5: ED211831 | B5: PT10299 | C5: 45999.156 | D5: Walk-In | E5: 3 | F5: Abdominal Pain | G5: 45999.158 | H5: 45999.175 | I5: 45999.279 | J5: Discharged
A6: ED212014 | B6: PT10337 | C6: 46007.888 | D6: Walk-In | E6: 3 | F6: Fainting | G6: 46007.89 | H6: 46007.96 | I6: 46008.126 | J6: Observation
A7: ED212080 | B7: PT10384 | C7: 46010.812 | D7: Walk-In | E7: 4 | F7: Vomiting / Diarrhea | G7: 46010.817 | H7: 46010.858 | I7: 46010.92 | J7: Discharged
A8: ED212242 | B8: PT10422 | C8: 46019.59 | D8: Walk-In | E8: 4 | F8: Headache | G8: 46019.601 | H8: 46019.619 | I8: 46019.676 | J8: Discharged
A9: ED211981 | B9: PT10495 | C9: 46006.521 | D9: Walk-In | E9: 4 | F9: Cough / Fever | G9: 46006.526 | H9: 46006.547 | I9: 46006.637 | J9: Discharged
A10: ED211739 | B10: PT10523 | C10: 45994.002 | D10: Ambulance | E10: 2 | F10: Shortness of Breath | G10: 45994.006 | H10: 45994.007 | I10: 45994.153 | J10: Discharged
A11: ED212276 | B11: PT10591 | C11: 46021.767 | D11: Walk-In | E11: 3 | F11: Painful Urination / Fever | G11: 46021.771 | H11: 46021.788 | I11: 46021.908 | J11: Discharged
A12: ED212183 | B12: PT10611 | C12: 46016.1 | D12: Ambulance | E12: 2 | F12: Cough / Fever | G12: 46016.106 | H12: 46016.107 | I12: 46016.355 | J12: Admitted
A13: ED211749 | B13: PT10668 | C13: 45994.563 | D13: Ambulance | E13: 1 | F13: Fever / Altered Mental Status | G13: 45994.565 | H13: 45994.565 | I13: 45994.773 | J13: Admitted
A14: ED211812 | B14: PT10721 | C14: 45997.688 | D14: Ambulance | E14: 3 | F14: Shortness of Breath | G14: 45997.699 | H14: 45997.717 | I14: 45998.278 | J14: Observation
A15: ED212089 | B15: PT10786 | C15: 46011.51 | D15: Walk-In | E15: 2 | F15: Painful Urination / Fever | G15: 46011.515 | H15: 46011.516 | I15: 46011.814 | J15: Observation
... A94: ED212065 | B94: PT13940 | C94: 46010.407 | D94: Walk-In | E94: 4 | F94: Fainting | G94: 46010.412 | H94: 46010.492 | I94: 46010.526 | J94: Discharged

Sheet Bonus
A1: Lesson 5.1 · Bonus: The high-acuity ED list
A2: Cedar Ridge's ED medical director reviews every high-acuity visit (ESI 1 or 2) each month. The tracking system exports the month's visits sorted by PatientID, and someone spends 20 minutes turning that export into a list. Automate it. The macro must: 1. Filter the export's ESILevel column to values less than or equal to 2. 2. Copy the visible rows, with the header, to a new sheet named HighAcuity. 3. Sort that sheet by ESILevel (smallest first), then ArrivalDateTime (oldest first), and AutoFit the columns. 4. Go back to the export and turn its filter off. Recording tips: Check that Use Relative References is off. Click A1 and turn the filter on with Data → Filter, then use the ESILevel filter arrow → Number Filters → Less Than Or Equal To → 2 → OK. Select the data with Ctrl + Shift + → and then Ctrl + Shift + ↓ (Mac: ⌘ + Shift + arrows), and copy it with Ctrl + C (Mac: ⌘ + C). Add a sheet with the + (New sheet) button next to the sheet tabs, paste with Ctrl + V (Mac: ⌘ + V), and rename the sheet by double-clicking its tab. In Data → Sort (Lesson 1.6), sort by ESILevel (Smallest to Largest), then click Add Level and pick ArrivalDateTime (Oldest to Newest). AutoFit every column: click the Select All button (the triangle where the row and column headings meet), then double-click any column boundary. Finish by clicking the ED_Nov tab, then A1, then Data → Filter again. Record it on ED_Nov (80 visits) as ExtractHighAcuity (shortcut Ctrl + Shift + H). Then delete the HighAcuity sheet it made (right-click its tab → Delete), open the VBE, and edit the code so it works on ED_Dec (93 visits). Guide section 9 lists the edits recorded code usually needs and what to do if the macro stops with a run-time error. Run it on ED_Dec. The gray cells read the HighAcuity sheet your macro builds from December, so they stay blank until it exists. While the sheet from your November recording is still there, they show ✘ Not yet or stay blank.
A3: There's nothing to type on this sheet. The gray cells read the HighAcuity sheet your macro builds from ED_Dec, and the Check column turns green when they match. Stuck? Read the hint, then Guide section 9. Answers: right-click a sheet tab → Unhide… → 'Bonus Key'.
A4: ="Score: "&COUNTIF(E6:E10,"✔*")&" of 5 auto-checked tasks correct"
A5: # | B5: Task | C5: Hint | D5: Your Answer | E5: Check
A6: B1 | B6: How many visits (data rows, not counting the header) are on the HighAcuity sheet built from ED_Dec? | C6: COUNTIF on ED_Dec's ESILevel column gives you a target to compare with | D6: {=IF(ISREF(INDIRECT("'HighAcuity'!A1")),COUNTA(INDIRECT("'HighAcuity'!A:A"))-1,"")} | E6: =IF(IFERROR(D6="",FALSE),"",IF(IFERROR(AND(ISNUMBER(D6),OR(ABS(D6-'Bonus Key'!$C$5)<=0.0001)),FALSE),"✔ Correct","✘ Not yet"))
A7: B2 | B7: Which EDVisitID is in the first data row (A2) of HighAcuity? | C7: It should be the earliest ESI 1 arrival in December | D7: {=IFERROR(INDIRECT("'HighAcuity'!A2")&"","")} | E7: =IF(IFERROR(D7="",FALSE),"",IF(IFERROR(OR(LOWER(TRIM(D7&""))=LOWER(TRIM('Bonus Key'!$C$6&""))),FALSE),"✔ Correct","✘ Not yet"))
A8: B3 | B8: Which EDVisitID is in cell A5 of HighAcuity? | C8: This cell depends on both sort levels | D8: {=IFERROR(INDIRECT("'HighAcuity'!A5")&"","")} | E8: =IF(IFERROR(D8="",FALSE),"",IF(IFERROR(OR(LOWER(TRIM(D8&""))=LOWER(TRIM('Bonus Key'!$C$7&""))),FALSE),"✔ Correct","✘ Not yet"))
A9: B4 | B9: Which EDVisitID is in the last data row of HighAcuity? | C9: Rows below row 21 are only sorted if the sort range adapts | D9: {=IFERROR(IF(ISREF(INDIRECT("'HighAcuity'!A1")),INDEX(INDIRECT("'HighAcuity'!A:A"),MAX(1,COUNTA(INDIRECT("'HighAcuity'!A:A"))))&"",""),"")} | E9: =IF(IFERROR(D9="",FALSE),"",IF(IFERROR(OR(LOWER(TRIM(D9&""))=LOWER(TRIM('Bonus Key'!$C$8&""))),FALSE),"✔ Correct","✘ Not yet"))
A10: B5 | B10: After your macro finishes, how many rows of ED_Dec are visible? The gray cell counts them with SUBTOTAL(103, …), which skips rows a filter hides. It should be every December visit. It stays blank until HighAcuity holds December visits. | C10: Which sheet does the end of your recorded code go back to? | D10: {=IFERROR(IF(ISREF(INDIRECT("'HighAcuity'!A1")),IF(COUNTIF(ED_Dec!A2:A94,INDIRECT("'HighAcuity'!A2")&"")>0,SUBTOTAL(103,ED_Dec!A2:A94),""),""),"")} | E10: =IF(IFERROR(D10="",FALSE),"",IF(IFERROR(AND(ISNUMBER(D10),OR(ABS(D10-'Bonus Key'!$C$9)<=0.0001)),FALSE),"✔ Correct","✘ Not yet"))

Sheet Answer Key
A1: 🔑 Answer Key — Lesson 5.1
A2: Spoiler alert: try every task before reading this sheet. Column C is the value the Check column compares against. Column D is a sample solution, and column E recalculates a formula for it live, proving the answer.
A4: # | B4: Task | C4: Answer | D4: Sample solution | E4: Live result | F4: Explanation
A5: 1 | B5: This workbook is an .xlsx file, which can't store macros. Which file extension does the Excel Macro-Enabled Workbook format use, the format you save it in before you record? Type the extension, like .xlsx | C5: .xlsm | D5: .xlsm: File → Save As (F12; Mac: ⌘ + Shift + S) → Save as type: Excel Macro-Enabled Workbook (*.xlsm). | E5: — | F5: An .xlsx file can't contain VBA code. If you save a workbook that has macros as .xlsx, Excel warns you that the VB project can't be saved, and if you click Yes it throws the code away. .xlsb, .xltm, .xlam and the old .xls can hold macros too, but .xlsm is the everyday format for a workbook with macros. Save as .xlsm now, before you record, so nothing gets lost.
A6: 2 | B6: A colleague emails you Census_Report.xlsm. When you open it, a red bar says Microsoft has blocked macros because the source of this file is untrusted. Which is the safe way to run its macros? Type the letter. A: Change the Trust Center to Enable VBA macros. B: Confirm with the colleague that they sent it, save it to your computer, then right-click the file → Properties → tick Unblock. C: Click Enable Content on the red bar. D: Rename the file to .xlsx. | C6: B | D6: B. Confirm the sender, save the file, then File Explorer → right-click → Properties → General → tick Unblock → OK. Reopen it and click Enable Content on the yellow bar. | E6: — | F6: Email attachments and downloads carry the Mark of the Web, so Excel blocks their macros outright and the red bar has no Enable Content button (C is impossible). Enabling every macro (A) would let any file run code, and renaming to .xlsx (D) doesn't run anything because .xlsx can't hold macros. Unblocking one file you've verified is the targeted, safe fix.
A7: 3 | B7: Which function key do you press with Alt (Mac: Option) to open the Visual Basic Editor? Type just the key, like F5. | C7: F11 | D7: F11: Alt + F11 on Windows, Option + F11 on a Mac (add Fn if your top-row keys control brightness and volume). | E7: — | F7: Alt + F11 opens the Visual Basic Editor (VBE), where the recorder puts your code. Pressing it again flips back to Excel. Alt + F8 (Mac: Option + F8) opens the Macro dialog instead.
A8: 4 | B8: On Windows, what is the file name (with extension) of the Personal Macro Workbook, the hidden workbook that makes a macro available in every workbook you open? | C8: PERSONAL.XLSB | D8: PERSONAL.XLSB, stored in %APPDATA%\Microsoft\Excel\XLSTART. | E8: — | F8: Choosing Store macro in: Personal Macro Workbook creates PERSONAL.XLSB the first time. Excel opens every file in XLSTART automatically and hides this one, so its macros are always available on your computer (but not on anyone else's).
A9: 5 | B9: With Use Relative References OFF, you click Record Macro, click cell B3, type Verified, press Enter, and stop recording. Later you select H10 and run the macro. Which cell receives Verified? Type the address, like A1. | C9: B3 | D9: The recorder wrote Range("B3").Select, so the macro always goes to B3. | E9: — | F9: Absolute recording (the default) stores exact addresses: Range("B3").Select, then ActiveCell.FormulaR1C1 = "Verified", then Range("B4").Select for the Enter key. The cell you had selected before running (H10) doesn't matter.
A10: 6 | B10: This time A1 is selected when you click Record Macro. You turn ON Use Relative References, click B3, type Verified, press Enter, and stop. Later you select H10 and run the macro. Which cell receives Verified? | C10: I12 | D10: The recorder wrote ActiveCell.Offset(2, 1).Range("A1").Select: 2 rows down and 1 column right of the active cell. From H10 that is I12. | E10: — | F10: Relative recording stores moves, not addresses. From A1 to B3 is 2 rows down and 1 column right, so the macro makes that same move from wherever it starts. From H10 that lands on I12. The Enter key is stored as another move, ActiveCell.Offset(1, 0).
A11: 7 | B11: Record the FormatCensusReport macro on the Census_Nov sheet by following the recipe in Guide section 7 (TOTAL row recorded with relative references, shortcut Ctrl + Shift + R). The gray cell finds the row your macro labeled TOTAL and reads its MidnightCensus cell, which should equal November's patient days. | C11: 809 | D11: Sub FormatCensusReport() ' ' FormatCensusReport Macro ' Formats the raw daily census export and adds a TOTAL row. ' ' Keyboard Shortcut: Ctrl+Shift+R ' ' --- Use Relative References is OFF: these lines name exact cells --- Range("A1:H1").Select Selection.Font.Bold = True With Selection.Interior .Pattern = xlSolid .PatternColorIndex = xlAutomatic .ThemeColor = xlThemeColorAccent1 .TintAndShade = 0.799981688894314 .PatternTintAndShade = 0 End With Range("H1").Select ActiveCell.FormulaR1C1 = "Occupancy" Range("H2").Select Columns("A:A").Select Selection.NumberFormat = "mm/dd/yyyy" Range("A1").Select Selection.End(xlDown).Select ' --- Use Relative References turned ON: moves are stored as offsets --- ActiveCell.Offset(1, 0).Range("A1").Select ActiveCell.FormulaR1C1 = "TOTAL" ActiveCell.Offset(0, 1).Range("A1").Select ActiveCell.Offset(0, 2).Range("A1:D1").Select Selection.FormulaR1C1 = "=SUM(R2C:R[-1]C)" ActiveCell.Offset(0, 4).Range("A1").Select Selection.FormulaR1C1 = "=RC[-1]/RC[-4]" Selection.Style = "Percent" Selection.NumberFormat = "0.0%" ActiveCell.Rows("1:1").EntireRow.Select Selection.Font.Bold = True ' --- Use Relative References turned OFF again --- Columns("A:H").Select Columns("A:H").EntireColumn.AutoFit Range("A1").Select With ActiveWindow .SplitColumn = 0 .SplitRow = 1 End With ActiveWindow.FreezePanes = True End Sub | E11: {=SUM(Census_Nov!G2:G31)} | F11: This is what the recorder writes for the recipe. Your code may differ in small ways, such as an extra Offset line for each Tab you pressed. The lines that matter are Range("A1").Select and Selection.End(xlDown).Select (recorded with relative references off, so they always start at A1 and jump to the last date), then the relative ActiveCell.Offset(1, 0) that steps into the empty row below. November has 30 days in rows 2–31, so TOTAL lands in row 32. The second Range("A1").Select, near the end, is the Ctrl + Home step. It scrolls back to the top, so .SplitRow = 1 freezes the header row and not whichever row happens to be at the top of the screen.
A12: 8 | B12: Step 10 of the recipe in Guide section 7 put the month's occupancy in column H of your TOTAL row on Census_Nov: total patient days divided by total staffed-bed days, formatted as a percentage with 1 decimal place. The gray cell reads that cell. | C12: 0.89888889 | D12: In H32 type =G32/D32, then Percent Style and Increase Decimal once. The recorder stores it as "=RC[-1]/RC[-4]": same row, 1 and 4 columns to the left. | E12: {=SUM(Census_Nov!G2:G31)/SUM(Census_Nov!D2:D31)} | F12: Total patient days ÷ total staffed-bed days is the unit's occupancy for the month. The formula only refers to cells in its own row, so in R1C1 notation it is the same on every sheet and works on December too.
A13: 9 | B13: In the Record Macro dialog you typed an uppercase R in the Shortcut key box. Which key combination runs the macro on Windows? Type it like Ctrl+Alt+X. | C13: Ctrl+Shift+R | D13: Ctrl + Shift + R (Mac: Option + ⌘ + Shift + R). | E13: — | F13: A lowercase letter gives Ctrl + letter, which replaces Excel's own shortcut while this workbook is open (Ctrl + r would stop doing Fill Right). An uppercase letter adds Shift, which collides with far fewer built-in shortcuts. Change it later in Alt + F8 → select the macro → Options…
A14: 10 | B14: Add two more ways to run FormatCensusReport: (a) a button on the Census_Dec sheet labeled Build report, and (b) a button on the Quick Access Toolbar. Don't click them yet. | D14: Sheet button 1. On Census_Dec, choose Insert → Shapes → Rectangle: Rounded Corners and draw it to the right of the data (for example over columns J:K). 2. Type Build report while the shape is selected. 3. Right-click the shape's border → Assign Macro… → pick FormatCensusReport → OK. 4. Click a cell to deselect. The pointer becomes a hand over the shape, and one click runs the macro. Quick Access Toolbar (Windows) 1. File → Options → Quick Access Toolbar. 2. Choose commands from: Macros → select FormatCensusReport → Add >>. 3. Click Modify…, pick an icon, set the display name to Build census report → OK → OK. If you can't see the toolbar, right-click the ribbon → Show Quick Access Toolbar. | E14: — | F14: A shape button belongs to one sheet and travels with the workbook. A Quick Access Toolbar button belongs to your copy of Excel and remembers which workbook holds the macro, so it opens that workbook if needed. To edit a shape later without running the macro, Ctrl + click it (Mac: ⌘ + click) or right-click it.
A15: 11 | B15: Go to Census_Dec and run your macro (Ctrl + Shift + R or your button). December has 31 days. The gray cell finds your TOTAL row and counts the daily rows above it. It should show all 31 days. | C15: 31 | D15: Click the Census_Dec tab and press Ctrl + Shift + R. Selection.End(xlDown) finds the last date (row 32) and ActiveCell.Offset(1, 0) steps to row 33. | E15: {=COUNT(Census_Dec!A2:A32)} | F15: If you recorded the TOTAL steps with relative references off, the code says Range("A32").Select, so on December it types TOTAL over 12/31/2025 in row 32 and the gray cell shows 30. Ctrl + Down plus a relative one-row move finds the first empty row on any month. Macros can't be undone, so close without saving (or reopen your saved copy), fix the recording, and run it again.
A16: 12 | B16: On Census_Dec, the gray cell reads the MidnightCensus total in your TOTAL row. It should equal December's patient days (all 31 days). | C16: 863 | D16: The recorded formula =SUM(R2C:R[-1]C) becomes =SUM(G$2:G32) in row 33. | E16: {=SUM(Census_Dec!G2:G32)} | F16: The recorder stores formulas in R1C1 notation. With =SUM(D$2:D31) the $ makes the top row absolute (R2C) and the bottom row relative (R[-1]C, the row above), so the range grows with the month. With AutoSum or =SUM(D2:D31) the recorder stores =SUM(R[-30]C:R[-1]C), which always adds exactly 30 rows. On December that skips 12/01 and the total comes out low.
A17: 13 | B17: Read this recorded line: ActiveCell.FormulaR1C1 = "=SUM(R[-31]C[-1]:R[-1]C[-1])". If it runs while H33 is the active cell, which range does the SUM add up? Type it like A1:A9. | C17: G2:G32 | D17: G2:G32: R[-31] is 31 rows above row 33 (row 2), R[-1] is the row above (row 32), and C[-1] is one column left of H, which is G. | E17: — | F17: It's the R1C1 form of =SUM(G2:G32) typed in H33. Square brackets mean relative to the formula's own cell. A number without brackets is a fixed row or column, so R2C means row 2 of this column. Every part of this formula is relative, so in H34 it would add G3:G33. Reading R1C1 like this tells you whether a recorded formula will still be right when the data has a different number of rows.

Sheet Bonus Key
A1: 🔑 Bonus Key — Lesson 5.1
A2: Spoiler alert: try every task before reading this sheet. Column C is the value the Check column compares against. Column D is a sample solution, and column E recalculates a formula for it live, proving the answer.
A4: # | B4: Task | C4: Answer | D4: Sample solution | E4: Live result | F4: Explanation
A5: B1 | B5: How many visits (data rows, not counting the header) are on the HighAcuity sheet built from ED_Dec? | C5: 26 | D5: Sub ExtractHighAcuity() ' ' ExtractHighAcuity Macro ' Copies ESI 1-2 visits to a new HighAcuity sheet, sorted by ESI level and arrival. ' ' Keyboard Shortcut: Ctrl+Shift+H ' ' Recorded on ED_Nov, then edited to run on ED_Dec. Each EDIT comment marks a change. ' Delete any old HighAcuity sheet before you run it: a second sheet with that ' name is not allowed (run-time error 1004). Sheets("ED_Dec").Select ' EDIT: added, start on December Range("A1").Select Selection.AutoFilter Range("A1").CurrentRegion.AutoFilter Field:=5, Criteria1:="<=2", _ Operator:=xlAnd ' EDIT: was ActiveSheet.Range("$A$1:$J$81") Range(Selection, Selection.End(xlToRight)).Select Range(Selection, Selection.End(xlDown)).Select Selection.Copy Sheets.Add After:=ActiveSheet ActiveSheet.Paste Application.CutCopyMode = False ActiveSheet.Name = "HighAcuity" ' EDIT: was Sheets("Sheet1").Select / .Name ActiveWorkbook.Worksheets("HighAcuity").Sort.SortFields.Clear ' EDIT: keys were Range("E2:E21") and Range("C2:C21"). One cell is enough ' to name the key column. (.Add works in Excel 2007 and later; Excel 365 records .Add2.) ActiveWorkbook.Worksheets("HighAcuity").Sort.SortFields.Add Key:=Range("E1"), _ SortOn:=xlSortOnValues, Order:=xlAscending, DataOption:=xlSortNormal ActiveWorkbook.Worksheets("HighAcuity").Sort.SortFields.Add Key:=Range("C1"), _ SortOn:=xlSortOnValues, Order:=xlAscending, DataOption:=xlSortNormal With ActiveWorkbook.Worksheets("HighAcuity").Sort .SetRange Range("A1").CurrentRegion ' EDIT: was Range("A1:J21") .Header = xlYes .MatchCase = False .Orientation = xlTopToBottom .SortMethod = xlPinYin .Apply End With Cells.EntireColumn.AutoFit Range("A1").Select Sheets("ED_Dec").Select ' EDIT: was Sheets("ED_Nov") Range("A1").Select Selection.AutoFilter End Sub | E5: {=COUNTIF(ED_Dec!E2:E94,"<=2")} | F5: Recording on ED_Nov bakes November into the code in four places. Edit each one: 1. The filter range. ActiveSheet.Range("$A$1:$J$81").AutoFilter names November's exact block, but December runs to row 94. Change it to Range("A1").CurrentRegion, the whole block around A1, which grows and shrinks with the export. The unedited line may still work here, but only because the line above it already switched the filter on for the whole block. Had the filter been on before you started recording, the recorder would have skipped Selection.AutoFilter, and on December the hard-coded line would filter rows 1–81 only. 2. The rename. Sheets("Sheet1").Select and Sheets("Sheet1").Name = "HighAcuity" use the new sheet's temporary name. The next new sheet may be Sheet2, and then the macro stops with run-time error 9 (Subscript out of range). The new sheet is active right after it's added, so use ActiveSheet.Name = "HighAcuity". 3. The sort ranges. Key:=Range("E2:E21"), Key:=Range("C2:C21") and .SetRange Range("A1:J21") fit November's 20 visits. Use Range("E1"), Range("C1") and Range("A1").CurrentRegion. One cell is enough to name a sort key's column. 4. The last sheet. Sheets("ED_Nov").Select sends the macro back to November, where Selection.AutoFilter switches a filter on, and ED_Dec stays filtered. Change it to Sheets("ED_Dec"). Adding Sheets("ED_Dec").Select as the first line makes the macro start on the right sheet whichever sheet is active. Both versions, as recorded and as edited, are in solutions/modHighAcuity.bas. Lesson 5.3 replaces the remaining Select lines and hard-coded sheet names with variables.
A6: B2 | B6: Which EDVisitID is in the first data row (A2) of HighAcuity? | C6: ED211706 | D6: ED211706, the earliest-arriving ESI 1 visit (12/01/2025 12:18). | E6: {=INDEX(ED_Dec!A2:A94,MATCH(_xlfn.MINIFS(ED_Dec!C2:C94,ED_Dec!E2:E94,1),ED_Dec!C2:C94,0))} | F6: Sorting by ESILevel first puts the 3 ESI 1 visits on top. The second sort level, ArrivalDateTime, orders visits within each level. If you see a different ID, the sort range probably stopped at row 21 (November's size), so only part of the list was sorted. In that case A2 shows ED211749. The live formula in the key finds the right visit with MINIFS: the earliest arrival among ESI 1 visits.
A7: B3 | B7: Which EDVisitID is in cell A5 of HighAcuity? | C7: ED211715 | D7: ED211715, the earliest-arriving ESI 2 visit (12/01/2025 20:18). | E7: {=INDEX(ED_Dec!A2:A94,MATCH(_xlfn.MINIFS(ED_Dec!C2:C94,ED_Dec!E2:E94,2),ED_Dec!C2:C94,0))} | F7: The 3 ESI 1 visits fill rows 2–4, so row 5 holds the first ESI 2 visit, which is the earliest ESI 2 arrival. This cell shows whether both sort levels worked. Sorted by ArrivalDateTime alone, the first and last rows happen to be the same as the correct list, but A5 shows ED211742. With the sort range stuck at row 21, it shows ED211739.
A8: B4 | B8: Which EDVisitID is in the last data row of HighAcuity? | C8: ED212209 | D8: ED212209, the latest-arriving ESI 2 visit (12/26/2025 00:03). | E8: {=INDEX(ED_Dec!A2:A94,MATCH(_xlfn.MAXIFS(ED_Dec!C2:C94,ED_Dec!E2:E94,2),ED_Dec!C2:C94,0))} | F8: December has 26 high-acuity visits, so the list ends in row 27. A sort range recorded as A1:J21 leaves the last 6 rows in export (PatientID) order, so the last row shows ED211905 instead. Range("A1").CurrentRegion always covers every row.
A9: B5 | B9: After your macro finishes, how many rows of ED_Dec are visible? The gray cell counts them with SUBTOTAL(103, …), which skips rows a filter hides. It should be every December visit. It stays blank until HighAcuity holds December visits. | C9: 93 | D9: End the macro with Sheets("ED_Dec").Select, Range("A1").Select, Selection.AutoFilter. That toggles the filter off, so all 93 visits show again. | E9: {=COUNTA(ED_Dec!A2:A94)} | F9: The recording ends with Sheets("ED_Nov").Select, so on December it toggles a filter ON on ED_Nov and leaves ED_Dec showing only 26 rows. A good macro leaves the source data the way it found it. Selection.AutoFilter is a toggle (like Data → Filter), so it turns the filter off only when one is on.
